0,Sun Apr 28 14:33:33 EDT 2024,true,comp533/RemoteOutCoupler.java,nameNotInDictionary,serialVersionUID,uid
0,Sun Apr 28 14:33:33 EDT 2024,true,comp533/RemoteOutCoupler.java,nameNotInDictionary,localSim,sim
0,Sun Apr 28 14:33:33 EDT 2024,true,comp533/RemoteOutCoupler.java,publicMethodsOverride,[]
0,Sun Apr 28 14:33:33 EDT 2024,true,comp533/InCoupler.java,nameNotInDictionary,sim,sim
0,Sun Apr 28 14:33:33 EDT 2024,true,comp533/RemoteClient.java,variableHasInterfaceType,RemoteClient,clientProxy
0,Sun Apr 28 14:33:33 EDT 2024,true,comp533/RemoteClient.java,variableHasInterfaceType,RemoteClient,client
0,Sun Apr 28 14:33:33 EDT 2024,true,comp533/RemoteServer.java,variableHasInterfaceType,RemoteClient,client
0,Sun Apr 28 14:33:33 EDT 2024,true,comp533/Client.java,nameNotInDictionary,localSim,sim
0,Sun Apr 28 14:33:33 EDT 2024,true,comp533/Client.java,variableHasInterfaceType,RemoteServer,serverProxy
0,Sun Apr 28 14:33:33 EDT 2024,true,comp533/Client.java,variableHasInterfaceType,InCoupler,in
0,Sun Apr 28 14:33:33 EDT 2024,true,comp533/Client.java,variableHasClassType,Client,client
0,Sun Apr 28 14:33:33 EDT 2024,true,comp533/Client.java,variableHasInterfaceType,RemoteClient,clientStub
0,Sun Apr 28 14:33:33 EDT 2024,true,comp533/Client.java,classDecomposition,[[public  broadcastChange:String->void, public  setId:int->void, public  getId:->int], [default processArgs:String[]->void], [public  receiveChange:String->void]]
0,Sun Apr 28 14:33:33 EDT 2024,true,comp533/Client.java,publicMethodsDoNotOverride,[public  getId:->int, public  setId:int->void]
0,Sun Apr 28 14:33:33 EDT 2024,true,comp533/RemoteInCoupler.java,nameNotInDictionary,localSim,sim
0,Sun Apr 28 14:33:33 EDT 2024,true,comp533/RemoteInCoupler.java,nameNotInDictionary,numCouplers,couplers
0,Sun Apr 28 14:33:33 EDT 2024,true,comp533/RemoteInCoupler.java,nameNotInDictionary,sim,sim
0,Sun Apr 28 14:33:33 EDT 2024,true,comp533/RemoteInCoupler.java,publicMethodsOverride,[]
0,Sun Apr 28 14:33:33 EDT 2024,true,comp533/Server.java,nameNotInDictionary,c,c
0,Sun Apr 28 14:33:33 EDT 2024,true,comp533/Server.java,minimumLettersInNameCheck,c,c,2
0,Sun Apr 28 14:33:33 EDT 2024,true,comp533/Server.java,minimumVowelInNameCheck,c,c,1
0,Sun Apr 28 14:33:33 EDT 2024,true,comp533/Server.java,nameNotInDictionary,msg,msg
0,Sun Apr 28 14:33:33 EDT 2024,true,comp533/Server.java,minimumVowelInNameCheck,msg,msg,1
0,Sun Apr 28 14:33:33 EDT 2024,true,comp533/Server.java,variableHasInterfaceType,RemoteClient,client
0,Sun Apr 28 14:33:33 EDT 2024,true,comp533/Server.java,variableHasClassType,Server,server
0,Sun Apr 28 14:33:33 EDT 2024,true,comp533/Server.java,variableHasInterfaceType,RemoteServer,serverProxy
0,Sun Apr 28 14:33:33 EDT 2024,true,comp533/Server.java,variableHasInterfaceType,RemoteClient,c
0,Sun Apr 28 14:33:33 EDT 2024,true,comp533/Server.java,publicMethodsOverride,[]
0,Sun Apr 28 14:33:33 EDT 2024,true,comp533/OutCoupler.java,variableHasInterfaceType,OutCoupler,out
0,Sun Apr 28 14:33:33 EDT 2024,true,comp533/RMIRegistry.java,publicMethodsDoNotOverride,[public  start:String[]->void]
1,Sun Apr 28 14:37:19 EDT 2024,true,comp533/RemoteOutCoupler.java,variableHasInterfaceType,RemoteClient,clientProxy
1,Sun Apr 28 14:37:19 EDT 2024,true,comp533/RemoteOutCoupler.java,variableHasInterfaceType,RemoteClient,client
1,Sun Apr 28 14:37:19 EDT 2024,true,comp533/RemoteServer.java,duplicateShortTypeName,[comp533.RemoteServer, java.rmi.server.RemoteServer]
1,Sun Apr 28 14:37:19 EDT 2024,true,comp533/Client.java,variableHasInterfaceType,OutCoupler,out
1,Sun Apr 28 14:37:19 EDT 2024,true,comp533/Client.java,classDecomposition,[[public  setId:int->void, public  getId:->int, public  broadcastChange:String->void], [default processArgs:String[]->void], [public  receiveChange:String->void]]
2,Sun Apr 28 16:09:50 EDT 2024,false,comp533/RemoteClient.java,variableHasInterfaceType,RemoteClient,clientProxy
2,Sun Apr 28 16:09:50 EDT 2024,false,comp533/RemoteClient.java,variableHasInterfaceType,RemoteClient,client
2,Sun Apr 28 16:09:50 EDT 2024,false,comp533/Client.java,classDecomposition,[[public  broadcastChange:String->void, public  setId:int->void, public  getId:->int], [default processArgs:String[]->void], [public  receiveChange:String->void]]
2,Sun Apr 28 16:09:50 EDT 2024,false,comp533/OutCoupler.java,variableHasInterfaceType,OutCoupler,out
2,Sun Apr 28 16:09:50 EDT 2024,true,comp533/RemoteOutCoupler.java,nameNotInDictionary,serialVersionUID,uid
2,Sun Apr 28 16:09:50 EDT 2024,true,comp533/RemoteOutCoupler.java,nameNotInDictionary,localSim,sim
2,Sun Apr 28 16:09:50 EDT 2024,true,comp533/RemoteOutCoupler.java,variableHasInterfaceType,RemoteClient,clientProxy
2,Sun Apr 28 16:09:50 EDT 2024,true,comp533/RemoteOutCoupler.java,variableHasInterfaceType,RemoteClient,client
2,Sun Apr 28 16:09:50 EDT 2024,true,comp533/RemoteOutCoupler.java,publicMethodsOverride,[]
2,Sun Apr 28 16:09:50 EDT 2024,true,comp533/InCoupler.java,nameNotInDictionary,sim,sim
2,Sun Apr 28 16:09:50 EDT 2024,true,comp533/RemoteServer.java,duplicateShortTypeName,[comp533.RemoteServer, java.rmi.server.RemoteServer]
2,Sun Apr 28 16:09:50 EDT 2024,true,comp533/RemoteServer.java,variableHasInterfaceType,RemoteClient,client
2,Sun Apr 28 16:09:50 EDT 2024,true,comp533/Client.java,nameNotInDictionary,localSim,sim
2,Sun Apr 28 16:09:50 EDT 2024,true,comp533/Client.java,variableHasInterfaceType,RemoteServer,serverProxy
2,Sun Apr 28 16:09:50 EDT 2024,true,comp533/Client.java,variableHasInterfaceType,InCoupler,in
2,Sun Apr 28 16:09:50 EDT 2024,true,comp533/Client.java,variableHasInterfaceType,OutCoupler,out
2,Sun Apr 28 16:09:50 EDT 2024,true,comp533/Client.java,variableHasClassType,Client,client
2,Sun Apr 28 16:09:50 EDT 2024,true,comp533/Client.java,variableHasInterfaceType,RemoteClient,clientStub
2,Sun Apr 28 16:09:50 EDT 2024,true,comp533/Client.java,publicMethodsDoNotOverride,[public  getId:->int, public  setId:int->void]
2,Sun Apr 28 16:09:50 EDT 2024,true,comp533/Client.java,classDecomposition,[[public  getId:->int, public  setId:int->void, public  broadcastChange:String->void], [default processArgs:String[]->void], [public  receiveChange:String->void]]
2,Sun Apr 28 16:09:50 EDT 2024,true,comp533/RemoteInCoupler.java,nameNotInDictionary,localSim,sim
2,Sun Apr 28 16:09:50 EDT 2024,true,comp533/RemoteInCoupler.java,nameNotInDictionary,numCouplers,couplers
2,Sun Apr 28 16:09:50 EDT 2024,true,comp533/RemoteInCoupler.java,nameNotInDictionary,sim,sim
2,Sun Apr 28 16:09:50 EDT 2024,true,comp533/RemoteInCoupler.java,publicMethodsOverride,[]
2,Sun Apr 28 16:09:50 EDT 2024,true,comp533/Server.java,nameNotInDictionary,c,c
2,Sun Apr 28 16:09:50 EDT 2024,true,comp533/Server.java,minimumLettersInNameCheck,c,c,2
2,Sun Apr 28 16:09:50 EDT 2024,true,comp533/Server.java,minimumVowelInNameCheck,c,c,1
2,Sun Apr 28 16:09:50 EDT 2024,true,comp533/Server.java,nameNotInDictionary,msg,msg
2,Sun Apr 28 16:09:50 EDT 2024,true,comp533/Server.java,minimumVowelInNameCheck,msg,msg,1
2,Sun Apr 28 16:09:50 EDT 2024,true,comp533/Server.java,variableHasInterfaceType,RemoteClient,client
2,Sun Apr 28 16:09:50 EDT 2024,true,comp533/Server.java,variableHasClassType,Server,server
2,Sun Apr 28 16:09:50 EDT 2024,true,comp533/Server.java,variableHasInterfaceType,RemoteServer,serverProxy
2,Sun Apr 28 16:09:50 EDT 2024,true,comp533/Server.java,variableHasInterfaceType,RemoteClient,c
2,Sun Apr 28 16:09:50 EDT 2024,true,comp533/Server.java,publicMethodsOverride,[]
2,Sun Apr 28 16:09:50 EDT 2024,true,comp533/RMIRegistry.java,publicMethodsDoNotOverride,[public  start:String[]->void]
3,Sun Apr 28 22:29:35 EDT 2024,true,comp533/RemoteOutCoupler.java,nameNotInDictionary,serialVersionUID,uid
3,Sun Apr 28 22:29:35 EDT 2024,true,comp533/RemoteOutCoupler.java,nameNotInDictionary,localSim,sim
3,Sun Apr 28 22:29:35 EDT 2024,true,comp533/RemoteOutCoupler.java,publicMethodsOverride,[]
3,Sun Apr 28 22:29:35 EDT 2024,true,comp533/InCoupler.java,nameNotInDictionary,sim,sim
3,Sun Apr 28 22:29:35 EDT 2024,true,comp533/RemoteClient.java,variableHasInterfaceType,RemoteClient,clientProxy
3,Sun Apr 28 22:29:35 EDT 2024,true,comp533/RemoteClient.java,variableHasInterfaceType,RemoteClient,client
3,Sun Apr 28 22:29:35 EDT 2024,true,comp533/RemoteServer.java,variableHasInterfaceType,RemoteClient,client
3,Sun Apr 28 22:29:35 EDT 2024,true,comp533/Client.java,nameNotInDictionary,localSim,sim
3,Sun Apr 28 22:29:35 EDT 2024,true,comp533/Client.java,variableHasInterfaceType,RemoteServer,serverProxy
3,Sun Apr 28 22:29:35 EDT 2024,true,comp533/Client.java,variableHasInterfaceType,InCoupler,in
3,Sun Apr 28 22:29:35 EDT 2024,true,comp533/Client.java,variableHasClassType,Client,client
3,Sun Apr 28 22:29:35 EDT 2024,true,comp533/Client.java,publicMethodsDoNotOverride,[public  getId:->int, public  setId:int->void]
3,Sun Apr 28 22:29:35 EDT 2024,true,comp533/Client.java,classDecomposition,[[public  getId:->int, private  findServer:String[]->void, private  locateRegistry:String;int->void, private  exportClient:->void, public  start:String[]->void, public  setId:int->void, public  broadcastChange:String->void], [default processArgs:String[]->void], [public  receiveChange:String->void]]
3,Sun Apr 28 22:29:35 EDT 2024,true,comp533/RemoteInCoupler.java,nameNotInDictionary,localSim,sim
3,Sun Apr 28 22:29:35 EDT 2024,true,comp533/RemoteInCoupler.java,nameNotInDictionary,numCouplers,couplers
3,Sun Apr 28 22:29:35 EDT 2024,true,comp533/RemoteInCoupler.java,nameNotInDictionary,sim,sim
3,Sun Apr 28 22:29:35 EDT 2024,true,comp533/RemoteInCoupler.java,publicMethodsOverride,[]
3,Sun Apr 28 22:29:35 EDT 2024,true,comp533/Server.java,nameNotInDictionary,c,c
3,Sun Apr 28 22:29:35 EDT 2024,true,comp533/Server.java,minimumLettersInNameCheck,c,c,2
3,Sun Apr 28 22:29:35 EDT 2024,true,comp533/Server.java,minimumVowelInNameCheck,c,c,1
3,Sun Apr 28 22:29:35 EDT 2024,true,comp533/Server.java,nameNotInDictionary,msg,msg
3,Sun Apr 28 22:29:35 EDT 2024,true,comp533/Server.java,minimumVowelInNameCheck,msg,msg,1
3,Sun Apr 28 22:29:35 EDT 2024,true,comp533/Server.java,variableHasInterfaceType,RemoteClient,client
3,Sun Apr 28 22:29:35 EDT 2024,true,comp533/Server.java,variableHasClassType,Server,server
3,Sun Apr 28 22:29:35 EDT 2024,true,comp533/Server.java,variableHasInterfaceType,RemoteServer,serverProxy
3,Sun Apr 28 22:29:35 EDT 2024,true,comp533/Server.java,variableHasInterfaceType,RemoteClient,c
3,Sun Apr 28 22:29:35 EDT 2024,true,comp533/Server.java,publicMethodsOverride,[]
3,Sun Apr 28 22:29:35 EDT 2024,true,comp533/OutCoupler.java,variableHasInterfaceType,OutCoupler,out
3,Sun Apr 28 22:29:35 EDT 2024,true,comp533/RMIRegistry.java,publicMethodsDoNotOverride,[public  start:String[]->void]
4,Sun Apr 28 22:42:50 EDT 2024,false,msg,nameNotInDictionary,msg,msg
4,Sun Apr 28 22:42:50 EDT 2024,false,msg,minimumVowelInNameCheck,msg,msg,1
4,Sun Apr 28 22:42:50 EDT 2024,false,Server,variableHasClassType,Server,server
4,Sun Apr 28 22:42:50 EDT 2024,false,serialVersionUID,nameNotInDictionary,serialVersionUID,uid
4,Sun Apr 28 22:42:50 EDT 2024,false,[comp533.RemoteServer,duplicateShortTypeName,[comp533.RemoteServer, java.rmi.server.RemoteServer]
4,Sun Apr 28 22:42:50 EDT 2024,false,sim,nameNotInDictionary,sim,sim
4,Sun Apr 28 22:42:50 EDT 2024,false,numCouplers,nameNotInDictionary,numCouplers,couplers
4,Sun Apr 28 22:42:50 EDT 2024,false,Client,variableHasClassType,Client,client
4,Sun Apr 28 22:42:50 EDT 2024,false,RemoteServer,variableHasInterfaceType,RemoteServer,serverProxy
4,Sun Apr 28 22:42:50 EDT 2024,false,[],publicMethodsOverride,[]
4,Sun Apr 28 22:42:50 EDT 2024,false,c,nameNotInDictionary,c,c
4,Sun Apr 28 22:42:50 EDT 2024,false,c,minimumLettersInNameCheck,c,c,2
4,Sun Apr 28 22:42:50 EDT 2024,false,c,minimumVowelInNameCheck,c,c,1
4,Sun Apr 28 22:42:50 EDT 2024,false,localSim,nameNotInDictionary,localSim,sim
4,Sun Apr 28 22:42:50 EDT 2024,false,[public  start:String[]->void],publicMethodsDoNotOverride,[public  start:String[]->void]
4,Sun Apr 28 22:42:50 EDT 2024,false,[[public  setId:int->void,classDecomposition,[[public  setId:int->void, public  getId:->int, public  broadcastChange:String->void], [default processArgs:String[]->void], [public  receiveChange:String->void]]
4,Sun Apr 28 22:42:50 EDT 2024,false,[public  getId:->int,publicMethodsDoNotOverride,[public  getId:->int, public  setId:int->void]
4,Sun Apr 28 22:42:50 EDT 2024,false,OutCoupler,variableHasInterfaceType,OutCoupler,out
4,Sun Apr 28 22:42:50 EDT 2024,false,[[public  getId:->int,classDecomposition,[[public  getId:->int, public  setId:int->void, public  broadcastChange:String->void], [default processArgs:String[]->void], [public  receiveChange:String->void]]
4,Sun Apr 28 22:42:50 EDT 2024,false,InCoupler,variableHasInterfaceType,InCoupler,in
4,Sun Apr 28 22:42:50 EDT 2024,false,RemoteClient,variableHasInterfaceType,RemoteClient,clientProxy
4,Sun Apr 28 22:42:50 EDT 2024,false,RemoteClient,variableHasInterfaceType,RemoteClient,client
4,Sun Apr 28 22:42:50 EDT 2024,false,RemoteClient,variableHasInterfaceType,RemoteClient,clientStub
4,Sun Apr 28 22:42:50 EDT 2024,false,RemoteClient,variableHasInterfaceType,RemoteClient,c
4,Sun Apr 28 22:42:50 EDT 2024,true,comp533/Client.java,variableHasInterfaceType,OutCoupler,out
4,Sun Apr 28 22:42:50 EDT 2024,true,comp533/Client.java,classDecomposition,[[public  start:String[]->void, private  findServer:String[]->void, private  exportClient:->void, public  broadcastChange:String->void, public  setId:int->void, private  locateRegistry:String;int->void, public  getId:->int], [default processArgs:String[]->void], [public  receiveChange:String->void]]
5,Mon Apr 29 15:55:55 EDT 2024,false,comp533/RemoteClient.java,variableHasInterfaceType,RemoteClient,clientProxy
5,Mon Apr 29 15:55:55 EDT 2024,false,comp533/RemoteClient.java,variableHasInterfaceType,RemoteClient,client
5,Mon Apr 29 15:55:55 EDT 2024,false,comp533/RemoteOutCoupler.java,nameNotInDictionary,localSim,sim
5,Mon Apr 29 15:55:55 EDT 2024,false,comp533/RemoteOutCoupler.java,nameNotInDictionary,serialVersionUID,uid
5,Mon Apr 29 15:55:55 EDT 2024,false,comp533/RemoteOutCoupler.java,publicMethodsOverride,[]
5,Mon Apr 29 15:55:55 EDT 2024,false,comp533/RemoteServer.java,variableHasInterfaceType,RemoteClient,client
5,Mon Apr 29 15:55:55 EDT 2024,false,comp533/InCoupler.java,nameNotInDictionary,sim,sim
5,Mon Apr 29 15:55:55 EDT 2024,false,comp533/Client.java,classDecomposition,[[public  getId:->int, private  findServer:String[]->void, private  locateRegistry:String;int->void, private  exportClient:->void, public  start:String[]->void, public  setId:int->void, public  broadcastChange:String->void], [default processArgs:String[]->void], [public  receiveChange:String->void]]
5,Mon Apr 29 15:55:55 EDT 2024,false,comp533/RemoteInCoupler.java,nameNotInDictionary,numCouplers,couplers
5,Mon Apr 29 15:55:55 EDT 2024,false,comp533/RemoteInCoupler.java,nameNotInDictionary,localSim,sim
5,Mon Apr 29 15:55:55 EDT 2024,false,comp533/RemoteInCoupler.java,nameNotInDictionary,sim,sim
5,Mon Apr 29 15:55:55 EDT 2024,false,comp533/RemoteInCoupler.java,publicMethodsOverride,[]
5,Mon Apr 29 15:55:55 EDT 2024,false,1,minimumVowelInNameCheck,msg,msg,1
5,Mon Apr 29 15:55:55 EDT 2024,false,1,minimumVowelInNameCheck,c,c,1
5,Mon Apr 29 15:55:55 EDT 2024,false,2,minimumLettersInNameCheck,c,c,2
5,Mon Apr 29 15:55:55 EDT 2024,false,comp533/Server.java,variableHasClassType,Server,server
5,Mon Apr 29 15:55:55 EDT 2024,false,comp533/Server.java,variableHasInterfaceType,RemoteClient,client
5,Mon Apr 29 15:55:55 EDT 2024,false,comp533/Server.java,variableHasInterfaceType,RemoteServer,serverProxy
5,Mon Apr 29 15:55:55 EDT 2024,false,comp533/Server.java,nameNotInDictionary,c,c
5,Mon Apr 29 15:55:55 EDT 2024,false,comp533/Server.java,nameNotInDictionary,msg,msg
5,Mon Apr 29 15:55:55 EDT 2024,false,comp533/Server.java,publicMethodsOverride,[]
5,Mon Apr 29 15:55:55 EDT 2024,false,comp533/Server.java,variableHasInterfaceType,RemoteClient,c
5,Mon Apr 29 15:55:55 EDT 2024,false,comp533/OutCoupler.java,variableHasInterfaceType,OutCoupler,out
5,Mon Apr 29 15:55:55 EDT 2024,false,comp533/RMIRegistry.java,publicMethodsDoNotOverride,[public  start:String[]->void]
5,Mon Apr 29 15:55:55 EDT 2024,true,comp533/client/RemoteInCoupler.java,nameNotInDictionary,localSim,sim
5,Mon Apr 29 15:55:55 EDT 2024,true,comp533/client/RemoteInCoupler.java,nameNotInDictionary,numCouplers,couplers
5,Mon Apr 29 15:55:55 EDT 2024,true,comp533/client/RemoteInCoupler.java,nameNotInDictionary,sim,sim
5,Mon Apr 29 15:55:55 EDT 2024,true,comp533/client/RemoteInCoupler.java,duplicateShortTypeName,[comp533.RemoteInCoupler, comp533.client.RemoteInCoupler]
5,Mon Apr 29 15:55:55 EDT 2024,true,comp533/client/RemoteInCoupler.java,publicMethodsOverride,[]
5,Mon Apr 29 15:55:55 EDT 2024,true,comp533/server/RemoteServer.java,duplicateShortTypeName,[comp533.RemoteServer, java.rmi.server.RemoteServer, comp533.server.RemoteServer]
5,Mon Apr 29 15:55:55 EDT 2024,true,comp533/server/Server.java,nameNotInDictionary,c,c
5,Mon Apr 29 15:55:55 EDT 2024,true,comp533/server/Server.java,minimumLettersInNameCheck,c,c,2
5,Mon Apr 29 15:55:55 EDT 2024,true,comp533/server/Server.java,minimumVowelInNameCheck,c,c,1
5,Mon Apr 29 15:55:55 EDT 2024,true,comp533/server/Server.java,nameNotInDictionary,msg,msg
5,Mon Apr 29 15:55:55 EDT 2024,true,comp533/server/Server.java,minimumVowelInNameCheck,msg,msg,1
5,Mon Apr 29 15:55:55 EDT 2024,true,comp533/server/Server.java,duplicateShortTypeName,[comp533.server.Server, comp533.Server]
5,Mon Apr 29 15:55:55 EDT 2024,true,comp533/server/Server.java,variableHasInterfaceType,RemoteServer,serverProxy
5,Mon Apr 29 15:55:55 EDT 2024,true,comp533/server/Server.java,variableHasClassType,Server,server
5,Mon Apr 29 15:55:55 EDT 2024,true,comp533/server/Server.java,thenBranching,broadcastChanges
5,Mon Apr 29 15:55:55 EDT 2024,true,comp533/server/Server.java,classDecomposition,[[public  registerClient:comp533.client.RemoteClient->void, public  broadcastChanges:Object;int->void], [protected  init:String[]->void]]
5,Mon Apr 29 15:55:55 EDT 2024,true,comp533/server/Server.java,publicMethodsOverride,[]
5,Mon Apr 29 15:55:55 EDT 2024,true,comp533/client/GIPCClient.java,nameNotInDictionary,comp533.client.GIPCClient,gipc
5,Mon Apr 29 15:55:55 EDT 2024,true,comp533/registry/RMIRegistry.java,duplicateShortTypeName,[comp533.RMIRegistry, comp533.registry.RMIRegistry]
5,Mon Apr 29 15:55:55 EDT 2024,true,comp533/registry/RMIRegistry.java,publicMethodsDoNotOverride,[public  start:String[]->void]
5,Mon Apr 29 15:55:55 EDT 2024,true,comp533/client/Client.java,duplicateShortTypeName,[comp533.Client, comp533.client.Client]
5,Mon Apr 29 15:55:55 EDT 2024,true,comp533/server/GIPCServer.java,nameNotInDictionary,comp533.server.GIPCServer,gipc
5,Mon Apr 29 15:55:55 EDT 2024,true,comp533/server/GIPCServer.java,variableHasInterfaceType,GIPCClient,client
5,Mon Apr 29 15:55:55 EDT 2024,true,comp533/server/ServerGIPC.java,nameNotInDictionary,comp533.server.ServerGIPC,gipc
5,Mon Apr 29 15:55:55 EDT 2024,true,comp533/server/ServerGIPC.java,nameNotInDictionary,gipcRegistry,gipc
5,Mon Apr 29 15:55:55 EDT 2024,true,comp533/server/ServerGIPC.java,nameNotInDictionary,gipcPort,gipc
5,Mon Apr 29 15:55:55 EDT 2024,true,comp533/server/ServerGIPC.java,nameNotInDictionary,c,c
5,Mon Apr 29 15:55:55 EDT 2024,true,comp533/server/ServerGIPC.java,nameNotInDictionary,gipcServer,gipc
5,Mon Apr 29 15:55:55 EDT 2024,true,comp533/server/ServerGIPC.java,variableHasInterfaceType,GIPCClient,client
5,Mon Apr 29 15:55:55 EDT 2024,true,comp533/server/ServerGIPC.java,variableHasInterfaceType,GIPCClient,c
5,Mon Apr 29 15:55:55 EDT 2024,true,comp533/server/ServerGIPC.java,variableHasInterfaceType,GIPCServer,gipcServer
5,Mon Apr 29 15:55:55 EDT 2024,true,comp533/server/ServerGIPC.java,classDecomposition,[[public  registerServer:->void, public  createRegistry:String[]->void, protected  init:String[]->void], [public  registerClientGIPC:comp533.client.GIPCClient->void, public  broadcastChangesGIPC:String;int->void]]
5,Mon Apr 29 15:55:55 EDT 2024,true,comp533/server/ServerGIPC.java,publicMethodsDoNotOverride,[public  registerServer:->void, public  createRegistry:String[]->void]
5,Mon Apr 29 15:55:55 EDT 2024,true,comp533/client/GIPCClientImpl.java,nameNotInDictionary,comp533.client.GIPCClientImpl,gipc
5,Mon Apr 29 15:55:55 EDT 2024,true,comp533/client/GIPCClientImpl.java,nameNotInDictionary,gipcId,gipc
5,Mon Apr 29 15:55:55 EDT 2024,true,comp533/client/GIPCClientImpl.java,nameNotInDictionary,gipcRegistry,gipc
5,Mon Apr 29 15:55:55 EDT 2024,true,comp533/client/GIPCClientImpl.java,variableHasInterfaceType,GIPCServer,serverProxy
5,Mon Apr 29 15:55:55 EDT 2024,true,comp533/client/GIPCClientImpl.java,liberalMagicNumber,1000000,1000000
5,Mon Apr 29 15:55:55 EDT 2024,true,comp533/client/GIPCClientImpl.java,variableHasInterfaceType,GIPCClient,client
5,Mon Apr 29 15:55:55 EDT 2024,true,comp533/client/GIPCClientImpl.java,classDecomposition,[[public  getId:->int, public  setId:int->void], [public  locateRegistry:String[]->void, public  broadcastChangeGIPC:String->void, public  findGIPCServerProxy:->void, protected  init:String[]->void]]
5,Mon Apr 29 15:55:55 EDT 2024,true,comp533/client/GIPCClientImpl.java,publicMethodsDoNotOverride,[public  broadcastChangeGIPC:String->void, public  locateRegistry:String[]->void, public  findGIPCServerProxy:->void]
5,Mon Apr 29 15:55:55 EDT 2024,true,comp533/client/GIPCClientImpl.java,classDoesNotHaveExactlyOneInterface,comp533.client.GIPCClientImpl,No Tag
5,Mon Apr 29 15:55:55 EDT 2024,true,comp533/client/ClientRMIImpl.java,nameNotInDictionary,localSim,sim
5,Mon Apr 29 15:55:55 EDT 2024,true,comp533/client/ClientRMIImpl.java,nameNotInDictionary,ipc,ipc
5,Mon Apr 29 15:55:55 EDT 2024,true,comp533/client/ClientRMIImpl.java,variableHasInterfaceType,RemoteServer,serverProxy
5,Mon Apr 29 15:55:55 EDT 2024,true,comp533/client/ClientRMIImpl.java,variableHasClassType,ClientRMIImpl,client
5,Mon Apr 29 15:55:55 EDT 2024,true,comp533/client/ClientRMIImpl.java,publicMethodsDoNotOverride,[public  getId:->int, public  setId:int->void]
5,Mon Apr 29 15:55:55 EDT 2024,true,comp533/client/InCoupler.java,nameNotInDictionary,sim,sim
5,Mon Apr 29 15:55:55 EDT 2024,true,comp533/client/InCoupler.java,duplicateShortTypeName,[comp533.client.InCoupler, comp533.InCoupler]
5,Mon Apr 29 15:55:55 EDT 2024,true,comp533/client/InCoupler.java,variableHasInterfaceType,InCoupler,in
5,Mon Apr 29 15:55:55 EDT 2024,true,comp533/client/OutCoupler.java,duplicateShortTypeName,[comp533.OutCoupler, comp533.client.OutCoupler]
5,Mon Apr 29 15:55:55 EDT 2024,true,comp533/client/OutCoupler.java,variableHasInterfaceType,OutCoupler,out
5,Mon Apr 29 15:55:55 EDT 2024,true,comp533/client/RemoteClient.java,nameNotInDictionary,ipc,ipc
5,Mon Apr 29 15:55:55 EDT 2024,true,comp533/client/RemoteClient.java,duplicateShortTypeName,[comp533.client.RemoteClient, comp533.RemoteClient]
5,Mon Apr 29 15:55:55 EDT 2024,true,comp533/client/RemoteClient.java,variableHasInterfaceType,RemoteClient,client
5,Mon Apr 29 15:55:55 EDT 2024,true,comp533/client/RemoteClient.java,variableHasInterfaceType,RemoteClient,c
5,Mon Apr 29 15:55:55 EDT 2024,true,comp533/client/RemoteOutCoupler.java,nameNotInDictionary,serialVersionUID,uid
5,Mon Apr 29 15:55:55 EDT 2024,true,comp533/client/RemoteOutCoupler.java,nameNotInDictionary,localSim,sim
5,Mon Apr 29 15:55:55 EDT 2024,true,comp533/client/RemoteOutCoupler.java,duplicateShortTypeName,[comp533.RemoteOutCoupler, comp533.client.RemoteOutCoupler]
5,Mon Apr 29 15:55:55 EDT 2024,true,comp533/client/RemoteOutCoupler.java,publicMethodsOverride,[]
6,Tue Apr 30 00:37:07 EDT 2024,true,comp533/client/RemoteInCoupler.java,variables,Variables:[private stringProcessors.HalloweenCommandProcessor localSim, default static int numCouplers, private int inCouplerId, private util.interactiveMethodInvocation.IPCMechanism mode]
6,Tue Apr 30 00:37:07 EDT 2024,true,comp533/client/RemoteInCoupler.java,accessModifiersUsed,Access Modifiers Used: [(comp533.client.RemoteInCoupler, public, private, 3, comp533.client.RemoteInCoupler, null )]
6,Tue Apr 30 00:37:07 EDT 2024,true,comp533/client/RemoteInCoupler.java,methods,NonGetterFunctions:[]NonSetterProcedures:[public  updateState:String->void]Getters:[public  getId:->int]Setters:[public  setLocalSim:stringProcessors.HalloweenCommandProcessor->void]
6,Tue Apr 30 00:37:07 EDT 2024,true,comp533/client/RemoteInCoupler.java,properties,Properties:[writeonly  p-v:3 access:public LocalSim:stringProcessors.HalloweenCommandProcessor( null,public ), readonly  p-v:3 access:public Id:int(public , null)]
6,Tue Apr 30 00:37:07 EDT 2024,true,comp533/client/RemoteInCoupler.java,aggregateStatistics, Is Abstract:false Number of Abstract Methods:0 Is Generic:false Number of Generic Methods:0 Number of Asserts:0 Number of Ternary Conditionals:0 Number of Methods:3 Number of Functions:1 Number of Non Getter Functions:0 Number of Getters and Setters:2 Number of Non Public Methods:0 Public Methods Fraction:1.0 Protected Methods Fraction:0.0 Package Access Methods Fraction:0.0 Private  Methods Fraction:0.0 Average Method Access:0.0 Number of Variables:4 Public Variables Fraction:0.0 Protected Variables Fraction:0.0 Package Access Variables Fraction:0.25 Private  Variable Fraction:0.75 Average Variable Access:2.75 Number of Properties:2 Public Properties Fraction:1.0 Protected Properties Fraction:0.0 Package Access Properties Fraction:0.0 Private  Properties Fraction:0.0 Editable Properties Fraction:0.0 ReadOnly Access Properties Fraction:0.5 WriteOnly  Properties Fraction:0.5 Average Properties Access:0.0 Average Local References per Constant:NaN Average Local References per Variable:2.5 Average Local Assignments per Variable:2.5
6,Tue Apr 30 00:37:07 EDT 2024,true,comp533/client/RemoteInCoupler.java,innerTypes,[]
6,Tue Apr 30 00:37:07 EDT 2024,true,comp533/client/RemoteInCoupler.java,superTypes,assignments.util.inputParameters.AnAbstractSimulationParametersBean
6,Tue Apr 30 00:37:07 EDT 2024,true,comp533/client/RemoteInCoupler.java,interfaces,[comp533.client.InCoupler]
6,Tue Apr 30 00:37:07 EDT 2024,true,comp533/client/RemoteInCoupler.java,tags,None
6,Tue Apr 30 00:37:07 EDT 2024,true,comp533/client/RemoteInCoupler.java,nameNotInDictionary,localSim,sim
6,Tue Apr 30 00:37:07 EDT 2024,true,comp533/client/RemoteInCoupler.java,nameNotInDictionary,numCouplers,couplers
6,Tue Apr 30 00:37:07 EDT 2024,true,comp533/client/RemoteInCoupler.java,nameNotInDictionary,sim,sim
6,Tue Apr 30 00:37:07 EDT 2024,true,comp533/client/RemoteInCoupler.java,publicMethodsOverride,[]
6,Tue Apr 30 00:37:07 EDT 2024,true,comp533/client/RemoteInCoupler.java,peerDoesNotHaveCommonProperties,readonly  p-v:3 access:public Id:int(public , null),RemoteInCoupler,comp533.client.GIPCClientImpl
6,Tue Apr 30 00:37:07 EDT 2024,true,comp533/client/RemoteInCoupler.java,peerDoesNotHaveCommonProperties,readonly  p-v:3 access:public Id:int(public , null),RemoteInCoupler,comp533.client.ClientRMIImpl
6,Tue Apr 30 00:37:07 EDT 2024,true,comp533/Tags.java,variables,Variables:[]
6,Tue Apr 30 00:37:07 EDT 2024,true,comp533/Tags.java,accessModifiersUsed,Access Modifiers Used: []
6,Tue Apr 30 00:37:07 EDT 2024,true,comp533/Tags.java,methods,NonGetterFunctions:[]NonSetterProcedures:[]Getters:[]Setters:[]
6,Tue Apr 30 00:37:07 EDT 2024,true,comp533/Tags.java,properties,Properties:[]
6,Tue Apr 30 00:37:07 EDT 2024,true,comp533/Tags.java,aggregateStatistics, Is Abstract:false Number of Abstract Methods:0 Is Generic:false Number of Generic Methods:0 Number of Asserts:0 Number of Ternary Conditionals:0 Number of Methods:0 Number of Functions:0 Number of Non Getter Functions:0 Number of Getters and Setters:0 Number of Non Public Methods:0 Public Methods Fraction:NaN Protected Methods Fraction:NaN Package Access Methods Fraction:NaN Private  Methods Fraction:NaN Average Method Access:NaN Number of Variables:0 Public Variables Fraction:NaN Protected Variables Fraction:NaN Package Access Variables Fraction:NaN Private  Variable Fraction:NaN Average Variable Access:NaN Number of Properties:0 Public Properties Fraction:NaN Protected Properties Fraction:NaN Package Access Properties Fraction:NaN Private  Properties Fraction:NaN Editable Properties Fraction:NaN ReadOnly Access Properties Fraction:NaN WriteOnly  Properties Fraction:NaN Average Properties Access:NaN Average Local References per Constant:-1.0 Average Local References per Variable:-1.0 Average Local Assignments per Variable:-1.0
6,Tue Apr 30 00:37:07 EDT 2024,true,comp533/Tags.java,innerTypes,[]
6,Tue Apr 30 00:37:07 EDT 2024,true,comp533/Tags.java,tags,None
6,Tue Apr 30 00:37:07 EDT 2024,true,comp533/server/RemoteServer.java,variables,Variables:[public static String SERVER]
6,Tue Apr 30 00:37:07 EDT 2024,true,comp533/server/RemoteServer.java,accessModifiersUsed,Access Modifiers Used: [(comp533.server.RemoteServer, public, public, 0, comp533.client.ClientRMIImpl, null )]
6,Tue Apr 30 00:37:07 EDT 2024,true,comp533/server/RemoteServer.java,methods,NonGetterFunctions:[]NonSetterProcedures:[default registerClient:comp533.client.RemoteClient->void, default broadcastChanges:Object;int->void]Getters:[]Setters:[]
6,Tue Apr 30 00:37:07 EDT 2024,true,comp533/server/RemoteServer.java,properties,Properties:[]
6,Tue Apr 30 00:37:07 EDT 2024,true,comp533/server/RemoteServer.java,aggregateStatistics, Is Abstract:false Number of Abstract Methods:0 Is Generic:false Number of Generic Methods:0 Number of Asserts:0 Number of Ternary Conditionals:0 Number of Methods:2 Number of Functions:0 Number of Non Getter Functions:0 Number of Getters and Setters:0 Number of Non Public Methods:2 Public Methods Fraction:0.0 Protected Methods Fraction:0.0 Package Access Methods Fraction:1.0 Private  Methods Fraction:0.0 Average Method Access:2.0 Number of Variables:1 Public Variables Fraction:1.0 Protected Variables Fraction:0.0 Package Access Variables Fraction:0.0 Private  Variable Fraction:0.0 Average Variable Access:0.0 Number of Properties:0 Public Properties Fraction:NaN Protected Properties Fraction:NaN Package Access Properties Fraction:NaN Private  Properties Fraction:NaN Editable Properties Fraction:NaN ReadOnly Access Properties Fraction:NaN WriteOnly  Properties Fraction:NaN Average Properties Access:NaN Average Local References per Constant:0.0 Average Local References per Variable:0.0 Average Local Assignments per Variable:0.0
6,Tue Apr 30 00:37:07 EDT 2024,true,comp533/server/RemoteServer.java,innerTypes,[]
6,Tue Apr 30 00:37:07 EDT 2024,true,comp533/server/RemoteServer.java,superTypes,[java.rmi.Remote, java.io.Serializable]
6,Tue Apr 30 00:37:07 EDT 2024,true,comp533/server/RemoteServer.java,tags,None
6,Tue Apr 30 00:37:07 EDT 2024,true,comp533/server/RemoteServer.java,duplicateShortTypeName,[java.rmi.server.RemoteServer, comp533.server.RemoteServer]
6,Tue Apr 30 00:37:07 EDT 2024,true,comp533/server/RemoteServer.java,variableHasInterfaceType,RemoteClient,client
6,Tue Apr 30 00:37:07 EDT 2024,true,comp533/server/Server.java,variables,Variables:[private static String SERVER, default java.util.List clientProxies, default java.rmi.registry.Registry rmiRegistry]
6,Tue Apr 30 00:37:07 EDT 2024,true,comp533/server/Server.java,accessModifiersUsed,Access Modifiers Used: [(comp533.server.Server, public, private, 3, comp533.server.Server, null )]
6,Tue Apr 30 00:37:07 EDT 2024,true,comp533/server/Server.java,methods,NonGetterFunctions:[]NonSetterProcedures:[public  registerClient:comp533.client.RemoteClient->void, default processArgs:String[]->void, protected  init:String[]->void, static public  main:String[]->void, public  start:->void, public  broadcastChanges:Object;int->void]Getters:[]Setters:[]
6,Tue Apr 30 00:37:07 EDT 2024,true,comp533/server/Server.java,properties,Properties:[]
6,Tue Apr 30 00:37:07 EDT 2024,true,comp533/server/Server.java,aggregateStatistics, Is Abstract:false Number of Abstract Methods:0 Is Generic:false Number of Generic Methods:0 Number of Asserts:0 Number of Ternary Conditionals:1 Number of Methods:6 Number of Functions:0 Number of Non Getter Functions:0 Number of Getters and Setters:0 Number of Non Public Methods:2 Public Methods Fraction:0.6666666666666666 Protected Methods Fraction:0.16666666666666666 Package Access Methods Fraction:0.16666666666666666 Private  Methods Fraction:0.0 Average Method Access:0.5 Number of Variables:3 Public Variables Fraction:0.0 Protected Variables Fraction:0.0 Package Access Variables Fraction:0.6666666666666666 Private  Variable Fraction:0.3333333333333333 Average Variable Access:2.333333333333333 Number of Properties:0 Public Properties Fraction:NaN Protected Properties Fraction:NaN Package Access Properties Fraction:NaN Private  Properties Fraction:NaN Editable Properties Fraction:NaN ReadOnly Access Properties Fraction:NaN WriteOnly  Properties Fraction:NaN Average Properties Access:NaN Average Local References per Constant:2.0 Average Local References per Variable:3.3333333333333335 Average Local Assignments per Variable:3.3333333333333335
6,Tue Apr 30 00:37:07 EDT 2024,true,comp533/server/Server.java,innerTypes,[]
6,Tue Apr 30 00:37:07 EDT 2024,true,comp533/server/Server.java,superTypes,coupledsims.AStandAloneTwoCoupledHalloweenSimulations
6,Tue Apr 30 00:37:07 EDT 2024,true,comp533/server/Server.java,interfaces,[comp533.server.RemoteServer]
6,Tue Apr 30 00:37:07 EDT 2024,true,comp533/server/Server.java,tags,None
6,Tue Apr 30 00:37:07 EDT 2024,true,comp533/server/Server.java,nameNotInDictionary,c,c
6,Tue Apr 30 00:37:07 EDT 2024,true,comp533/server/Server.java,minimumLettersInNameCheck,c,c,2
6,Tue Apr 30 00:37:07 EDT 2024,true,comp533/server/Server.java,minimumVowelInNameCheck,c,c,1
6,Tue Apr 30 00:37:07 EDT 2024,true,comp533/server/Server.java,nameNotInDictionary,msg,msg
6,Tue Apr 30 00:37:07 EDT 2024,true,comp533/server/Server.java,minimumVowelInNameCheck,msg,msg,1
6,Tue Apr 30 00:37:07 EDT 2024,true,comp533/server/Server.java,variableHasInterfaceType,RemoteClient,client
6,Tue Apr 30 00:37:07 EDT 2024,true,comp533/server/Server.java,variableHasInterfaceType,RemoteServer,serverProxy
6,Tue Apr 30 00:37:07 EDT 2024,true,comp533/server/Server.java,variableHasClassType,Server,server
6,Tue Apr 30 00:37:07 EDT 2024,true,comp533/server/Server.java,variableHasInterfaceType,RemoteClient,c
6,Tue Apr 30 00:37:07 EDT 2024,true,comp533/server/Server.java,thenBranching,broadcastChanges
6,Tue Apr 30 00:37:07 EDT 2024,true,comp533/server/Server.java,methodAccessModifierMatched,init:String[]->void,protected,[comp533.server.Server],[protected]
6,Tue Apr 30 00:37:07 EDT 2024,true,comp533/server/Server.java,methodAccessModifierUnmatched,processArgs:String[]->void,package,private,1,[comp533.server.Server],[private]
6,Tue Apr 30 00:37:07 EDT 2024,true,comp533/server/Server.java,publicMethodsDoNotOverride,[public  start:->void]
6,Tue Apr 30 00:37:07 EDT 2024,true,comp533/server/Server.java,classDecomposition,[[public  registerClient:comp533.client.RemoteClient->void, public  broadcastChanges:Object;int->void], [protected  init:String[]->void]]
6,Tue Apr 30 00:37:07 EDT 2024,true,comp533/client/GIPCClient.java,variables,Variables:[]
6,Tue Apr 30 00:37:07 EDT 2024,true,comp533/client/GIPCClient.java,accessModifiersUsed,Access Modifiers Used: [(comp533.client.GIPCClient, public, public, 0, comp533.server.ServerGIPC, null ), (comp533.client.GIPCClient, public, package, 2, comp533.client.GIPCClientImpl, null )]
6,Tue Apr 30 00:37:07 EDT 2024,true,comp533/client/GIPCClient.java,methods,NonGetterFunctions:[]NonSetterProcedures:[default receiveChangeGIPC:String->void, default broadcastChangeGIPC:String->void, default locateRegistry:String[]->void, default findGIPCServerProxy:->void, default start:String[]->void]Getters:[default getId:->int]Setters:[default setId:int->void]
6,Tue Apr 30 00:37:07 EDT 2024,true,comp533/client/GIPCClient.java,properties,Properties:[editable, g-s:0 p-v:5 access:package Id:int(default ,default )]
6,Tue Apr 30 00:37:07 EDT 2024,true,comp533/client/GIPCClient.java,aggregateStatistics, Is Abstract:false Number of Abstract Methods:0 Is Generic:false Number of Generic Methods:0 Number of Asserts:0 Number of Ternary Conditionals:0 Number of Methods:7 Number of Functions:1 Number of Non Getter Functions:0 Number of Getters and Setters:2 Number of Non Public Methods:7 Public Methods Fraction:0.0 Protected Methods Fraction:0.0 Package Access Methods Fraction:1.0 Private  Methods Fraction:0.0 Average Method Access:2.0 Number of Variables:0 Public Variables Fraction:NaN Protected Variables Fraction:NaN Package Access Variables Fraction:NaN Private  Variable Fraction:NaN Average Variable Access:NaN Number of Properties:1 Public Properties Fraction:0.0 Protected Properties Fraction:0.0 Package Access Properties Fraction:1.0 Private  Properties Fraction:0.0 Editable Properties Fraction:1.0 ReadOnly Access Properties Fraction:0.0 WriteOnly  Properties Fraction:0.0 Average Properties Access:2.0 Average Local References per Constant:-1.0 Average Local References per Variable:-1.0 Average Local Assignments per Variable:-1.0
6,Tue Apr 30 00:37:07 EDT 2024,true,comp533/client/GIPCClient.java,innerTypes,[]
6,Tue Apr 30 00:37:07 EDT 2024,true,comp533/client/GIPCClient.java,superTypes,[]
6,Tue Apr 30 00:37:07 EDT 2024,true,comp533/client/GIPCClient.java,tags,None
6,Tue Apr 30 00:37:07 EDT 2024,true,comp533/client/GIPCClient.java,nameNotInDictionary,comp533.client.GIPCClient,gipc
6,Tue Apr 30 00:37:07 EDT 2024,true,comp533/registry/RMIRegistry.java,variables,Variables:[public static String REGISTRY]
6,Tue Apr 30 00:37:07 EDT 2024,true,comp533/registry/RMIRegistry.java,accessModifiersUsed,Access Modifiers Used: [(comp533.registry.RMIRegistry, public, private, 3, comp533.registry.RMIRegistry, null )]
6,Tue Apr 30 00:37:07 EDT 2024,true,comp533/registry/RMIRegistry.java,methods,NonGetterFunctions:[]NonSetterProcedures:[static public  main:String[]->void, public  start:String[]->void]Getters:[]Setters:[]
6,Tue Apr 30 00:37:07 EDT 2024,true,comp533/registry/RMIRegistry.java,properties,Properties:[]
6,Tue Apr 30 00:37:07 EDT 2024,true,comp533/registry/RMIRegistry.java,aggregateStatistics, Is Abstract:false Number of Abstract Methods:0 Is Generic:false Number of Generic Methods:0 Number of Asserts:0 Number of Ternary Conditionals:0 Number of Methods:2 Number of Functions:0 Number of Non Getter Functions:0 Number of Getters and Setters:0 Number of Non Public Methods:0 Public Methods Fraction:1.0 Protected Methods Fraction:0.0 Package Access Methods Fraction:0.0 Private  Methods Fraction:0.0 Average Method Access:0.0 Number of Variables:1 Public Variables Fraction:1.0 Protected Variables Fraction:0.0 Package Access Variables Fraction:0.0 Private  Variable Fraction:0.0 Average Variable Access:0.0 Number of Properties:0 Public Properties Fraction:NaN Protected Properties Fraction:NaN Package Access Properties Fraction:NaN Private  Properties Fraction:NaN Editable Properties Fraction:NaN ReadOnly Access Properties Fraction:NaN WriteOnly  Properties Fraction:NaN Average Properties Access:NaN Average Local References per Constant:0.0 Average Local References per Variable:0.0 Average Local Assignments per Variable:0.0
6,Tue Apr 30 00:37:07 EDT 2024,true,comp533/registry/RMIRegistry.java,innerTypes,[]
6,Tue Apr 30 00:37:07 EDT 2024,true,comp533/registry/RMIRegistry.java,superTypes,None
6,Tue Apr 30 00:37:07 EDT 2024,true,comp533/registry/RMIRegistry.java,interfaces,[]
6,Tue Apr 30 00:37:07 EDT 2024,true,comp533/registry/RMIRegistry.java,tags,None
6,Tue Apr 30 00:37:07 EDT 2024,true,comp533/registry/RMIRegistry.java,publicMethodsDoNotOverride,[public  start:String[]->void]
6,Tue Apr 30 00:37:07 EDT 2024,true,comp533/client/RMIClient.java,variables,Variables:[]
6,Tue Apr 30 00:37:07 EDT 2024,true,comp533/client/RMIClient.java,accessModifiersUsed,Access Modifiers Used: []
6,Tue Apr 30 00:37:07 EDT 2024,true,comp533/client/RMIClient.java,methods,NonGetterFunctions:[]NonSetterProcedures:[]Getters:[]Setters:[]
6,Tue Apr 30 00:37:07 EDT 2024,true,comp533/client/RMIClient.java,properties,Properties:[]
6,Tue Apr 30 00:37:07 EDT 2024,true,comp533/client/RMIClient.java,aggregateStatistics, Is Abstract:false Number of Abstract Methods:0 Is Generic:false Number of Generic Methods:0 Number of Asserts:0 Number of Ternary Conditionals:0 Number of Methods:0 Number of Functions:0 Number of Non Getter Functions:0 Number of Getters and Setters:0 Number of Non Public Methods:0 Public Methods Fraction:NaN Protected Methods Fraction:NaN Package Access Methods Fraction:NaN Private  Methods Fraction:NaN Average Method Access:NaN Number of Variables:0 Public Variables Fraction:NaN Protected Variables Fraction:NaN Package Access Variables Fraction:NaN Private  Variable Fraction:NaN Average Variable Access:NaN Number of Properties:0 Public Properties Fraction:NaN Protected Properties Fraction:NaN Package Access Properties Fraction:NaN Private  Properties Fraction:NaN Editable Properties Fraction:NaN ReadOnly Access Properties Fraction:NaN WriteOnly  Properties Fraction:NaN Average Properties Access:NaN Average Local References per Constant:-1.0 Average Local References per Variable:-1.0 Average Local Assignments per Variable:-1.0
6,Tue Apr 30 00:37:07 EDT 2024,true,comp533/client/RMIClient.java,innerTypes,[]
6,Tue Apr 30 00:37:07 EDT 2024,true,comp533/client/RMIClient.java,superTypes,[]
6,Tue Apr 30 00:37:07 EDT 2024,true,comp533/client/RMIClient.java,tags,None
6,Tue Apr 30 00:37:07 EDT 2024,true,comp533/A4Grader.java,variables,Variables:[]
6,Tue Apr 30 00:37:07 EDT 2024,true,comp533/A4Grader.java,accessModifiersUsed,Access Modifiers Used: [(comp533.A4Grader, public, package, 2, comp533.A5Grader, null ), (comp533.A4Grader, public, private, 3, comp533.A4Grader, null )]
6,Tue Apr 30 00:37:07 EDT 2024,true,comp533/A4Grader.java,methods,NonGetterFunctions:[]NonSetterProcedures:[static public  main:String[]->void]Getters:[]Setters:[]
6,Tue Apr 30 00:37:07 EDT 2024,true,comp533/A4Grader.java,properties,Properties:[]
6,Tue Apr 30 00:37:07 EDT 2024,true,comp533/A4Grader.java,aggregateStatistics, Is Abstract:false Number of Abstract Methods:0 Is Generic:false Number of Generic Methods:0 Number of Asserts:0 Number of Ternary Conditionals:0 Number of Methods:1 Number of Functions:0 Number of Non Getter Functions:0 Number of Getters and Setters:0 Number of Non Public Methods:0 Public Methods Fraction:1.0 Protected Methods Fraction:0.0 Package Access Methods Fraction:0.0 Private  Methods Fraction:0.0 Average Method Access:0.0 Number of Variables:0 Public Variables Fraction:NaN Protected Variables Fraction:NaN Package Access Variables Fraction:NaN Private  Variable Fraction:NaN Average Variable Access:NaN Number of Properties:0 Public Properties Fraction:NaN Protected Properties Fraction:NaN Package Access Properties Fraction:NaN Private  Properties Fraction:NaN Editable Properties Fraction:NaN ReadOnly Access Properties Fraction:NaN WriteOnly  Properties Fraction:NaN Average Properties Access:NaN Average Local References per Constant:-1.0 Average Local References per Variable:-1.0 Average Local Assignments per Variable:-1.0
6,Tue Apr 30 00:37:07 EDT 2024,true,comp533/A4Grader.java,innerTypes,[]
6,Tue Apr 30 00:37:07 EDT 2024,true,comp533/A4Grader.java,superTypes,None
6,Tue Apr 30 00:37:07 EDT 2024,true,comp533/A4Grader.java,interfaces,[]
6,Tue Apr 30 00:37:07 EDT 2024,true,comp533/A4Grader.java,tags,None
6,Tue Apr 30 00:37:07 EDT 2024,true,comp533/client/Client.java,variables,Variables:[]
6,Tue Apr 30 00:37:07 EDT 2024,true,comp533/client/Client.java,accessModifiersUsed,Access Modifiers Used: []
6,Tue Apr 30 00:37:07 EDT 2024,true,comp533/client/Client.java,methods,NonGetterFunctions:[]NonSetterProcedures:[]Getters:[]Setters:[]
6,Tue Apr 30 00:37:07 EDT 2024,true,comp533/client/Client.java,properties,Properties:[]
6,Tue Apr 30 00:37:07 EDT 2024,true,comp533/client/Client.java,aggregateStatistics, Is Abstract:false Number of Abstract Methods:0 Is Generic:false Number of Generic Methods:0 Number of Asserts:0 Number of Ternary Conditionals:0 Number of Methods:0 Number of Functions:0 Number of Non Getter Functions:0 Number of Getters and Setters:0 Number of Non Public Methods:0 Public Methods Fraction:NaN Protected Methods Fraction:NaN Package Access Methods Fraction:NaN Private  Methods Fraction:NaN Average Method Access:NaN Number of Variables:0 Public Variables Fraction:NaN Protected Variables Fraction:NaN Package Access Variables Fraction:NaN Private  Variable Fraction:NaN Average Variable Access:NaN Number of Properties:0 Public Properties Fraction:NaN Protected Properties Fraction:NaN Package Access Properties Fraction:NaN Private  Properties Fraction:NaN Editable Properties Fraction:NaN ReadOnly Access Properties Fraction:NaN WriteOnly  Properties Fraction:NaN Average Properties Access:NaN Average Local References per Constant:-1.0 Average Local References per Variable:-1.0 Average Local Assignments per Variable:-1.0
6,Tue Apr 30 00:37:07 EDT 2024,true,comp533/client/Client.java,innerTypes,[]
6,Tue Apr 30 00:37:07 EDT 2024,true,comp533/client/Client.java,superTypes,[]
6,Tue Apr 30 00:37:07 EDT 2024,true,comp533/client/Client.java,tags,None
6,Tue Apr 30 00:37:07 EDT 2024,true,comp533/server/GIPCServer.java,variables,Variables:[public static String SERVER]
6,Tue Apr 30 00:37:07 EDT 2024,true,comp533/server/GIPCServer.java,accessModifiersUsed,Access Modifiers Used: [(comp533.server.GIPCServer, public, package, 2, comp533.server.ServerGIPC, null ), (comp533.server.GIPCServer, public, public, 0, comp533.client.GIPCClientImpl, null )]
6,Tue Apr 30 00:37:07 EDT 2024,true,comp533/server/GIPCServer.java,methods,NonGetterFunctions:[]NonSetterProcedures:[default registerClientGIPC:comp533.client.GIPCClient->void, default broadcastChangesGIPC:String;int->void, default createRegistry:String[]->void, default start:String[]->void]Getters:[]Setters:[]
6,Tue Apr 30 00:37:07 EDT 2024,true,comp533/server/GIPCServer.java,properties,Properties:[]
6,Tue Apr 30 00:37:07 EDT 2024,true,comp533/server/GIPCServer.java,aggregateStatistics, Is Abstract:false Number of Abstract Methods:0 Is Generic:false Number of Generic Methods:0 Number of Asserts:0 Number of Ternary Conditionals:0 Number of Methods:4 Number of Functions:0 Number of Non Getter Functions:0 Number of Getters and Setters:0 Number of Non Public Methods:4 Public Methods Fraction:0.0 Protected Methods Fraction:0.0 Package Access Methods Fraction:1.0 Private  Methods Fraction:0.0 Average Method Access:2.0 Number of Variables:1 Public Variables Fraction:1.0 Protected Variables Fraction:0.0 Package Access Variables Fraction:0.0 Private  Variable Fraction:0.0 Average Variable Access:0.0 Number of Properties:0 Public Properties Fraction:NaN Protected Properties Fraction:NaN Package Access Properties Fraction:NaN Private  Properties Fraction:NaN Editable Properties Fraction:NaN ReadOnly Access Properties Fraction:NaN WriteOnly  Properties Fraction:NaN Average Properties Access:NaN Average Local References per Constant:3.0 Average Local References per Variable:3.0 Average Local Assignments per Variable:3.0
6,Tue Apr 30 00:37:07 EDT 2024,true,comp533/server/GIPCServer.java,innerTypes,[]
6,Tue Apr 30 00:37:07 EDT 2024,true,comp533/server/GIPCServer.java,superTypes,[]
6,Tue Apr 30 00:37:07 EDT 2024,true,comp533/server/GIPCServer.java,tags,None
6,Tue Apr 30 00:37:07 EDT 2024,true,comp533/server/GIPCServer.java,nameNotInDictionary,comp533.server.GIPCServer,gipc
6,Tue Apr 30 00:37:07 EDT 2024,true,comp533/server/GIPCServer.java,variableHasInterfaceType,GIPCClient,client
6,Tue Apr 30 00:37:07 EDT 2024,true,comp533/server/ServerGIPC.java,variables,Variables:[default java.util.List clientProxies, default inputport.rpc.GIPCRegistry gipcRegistry]
6,Tue Apr 30 00:37:07 EDT 2024,true,comp533/server/ServerGIPC.java,accessModifiersUsed,Access Modifiers Used: [(comp533.server.ServerGIPC, public, private, 3, comp533.server.ServerGIPC, null ), (comp533.server.ServerGIPC, public, public, 0, comp533.client.ClientRMIImpl, null ), (comp533.server.ServerGIPC, public, public, 0, comp533.client.GIPCClientImpl, null ), (comp533.server.ServerGIPC, public, public, 0, comp533.registry.RMIRegistry, null ), (comp533.server.ServerGIPC, public, package, 2, comp533.server.Server, null )]
6,Tue Apr 30 00:37:07 EDT 2024,true,comp533/server/ServerGIPC.java,methods,NonGetterFunctions:[]NonSetterProcedures:[public  setTracing:->void, protected  init:String[]->void, public  registerClientGIPC:comp533.client.GIPCClient->void, public  broadcastChangesGIPC:String;int->void, public  start:String[]->void, public  registerServer:->void, public  createRegistry:String[]->void, static public  main:String[]->void]Getters:[]Setters:[]
6,Tue Apr 30 00:37:07 EDT 2024,true,comp533/server/ServerGIPC.java,properties,Properties:[]
6,Tue Apr 30 00:37:07 EDT 2024,true,comp533/server/ServerGIPC.java,aggregateStatistics, Is Abstract:false Number of Abstract Methods:0 Is Generic:false Number of Generic Methods:0 Number of Asserts:0 Number of Ternary Conditionals:1 Number of Methods:8 Number of Functions:0 Number of Non Getter Functions:0 Number of Getters and Setters:0 Number of Non Public Methods:1 Public Methods Fraction:0.875 Protected Methods Fraction:0.125 Package Access Methods Fraction:0.0 Private  Methods Fraction:0.0 Average Method Access:0.125 Number of Variables:2 Public Variables Fraction:0.0 Protected Variables Fraction:0.0 Package Access Variables Fraction:1.0 Private  Variable Fraction:0.0 Average Variable Access:2.0 Number of Properties:0 Public Properties Fraction:NaN Protected Properties Fraction:NaN Package Access Properties Fraction:NaN Private  Properties Fraction:NaN Editable Properties Fraction:NaN ReadOnly Access Properties Fraction:NaN WriteOnly  Properties Fraction:NaN Average Properties Access:NaN Average Local References per Constant:NaN Average Local References per Variable:4.5 Average Local Assignments per Variable:4.5
6,Tue Apr 30 00:37:07 EDT 2024,true,comp533/server/ServerGIPC.java,innerTypes,[]
6,Tue Apr 30 00:37:07 EDT 2024,true,comp533/server/ServerGIPC.java,superTypes,comp533.server.Server
6,Tue Apr 30 00:37:07 EDT 2024,true,comp533/server/ServerGIPC.java,interfaces,[comp533.server.GIPCServer]
6,Tue Apr 30 00:37:07 EDT 2024,true,comp533/server/ServerGIPC.java,tags,None
6,Tue Apr 30 00:37:07 EDT 2024,true,comp533/server/ServerGIPC.java,nameNotInDictionary,comp533.server.ServerGIPC,gipc
6,Tue Apr 30 00:37:07 EDT 2024,true,comp533/server/ServerGIPC.java,nameNotInDictionary,gipcRegistry,gipc
6,Tue Apr 30 00:37:07 EDT 2024,true,comp533/server/ServerGIPC.java,nameNotInDictionary,gipcPort,gipc
6,Tue Apr 30 00:37:07 EDT 2024,true,comp533/server/ServerGIPC.java,nameNotInDictionary,c,c
6,Tue Apr 30 00:37:07 EDT 2024,true,comp533/server/ServerGIPC.java,nameNotInDictionary,gipcServer,gipc
6,Tue Apr 30 00:37:07 EDT 2024,true,comp533/server/ServerGIPC.java,variableHasInterfaceType,GIPCClient,client
6,Tue Apr 30 00:37:07 EDT 2024,true,comp533/server/ServerGIPC.java,variableHasInterfaceType,GIPCClient,c
6,Tue Apr 30 00:37:07 EDT 2024,true,comp533/server/ServerGIPC.java,variableHasInterfaceType,GIPCServer,gipcServer
6,Tue Apr 30 00:37:07 EDT 2024,true,comp533/server/ServerGIPC.java,methodAccessModifierMatched,init:String[]->void,protected,[comp533.server.ServerGIPC, comp533.server.Server],[protected, protected]
6,Tue Apr 30 00:37:07 EDT 2024,true,comp533/server/ServerGIPC.java,publicMethodsDoNotOverride,[public  registerServer:->void, public  createRegistry:String[]->void]
6,Tue Apr 30 00:37:07 EDT 2024,true,comp533/server/ServerGIPC.java,classDecomposition,[[public  registerServer:->void, public  createRegistry:String[]->void, protected  init:String[]->void], [public  registerClientGIPC:comp533.client.GIPCClient->void, public  broadcastChangesGIPC:String;int->void]]
6,Tue Apr 30 00:37:07 EDT 2024,true,comp533/client/GIPCClientImpl.java,variables,Variables:[private comp533.server.GIPCServer serverProxy, private int gipcId, private inputport.rpc.GIPCRegistry gipcRegistry, private static int id]
6,Tue Apr 30 00:37:07 EDT 2024,true,comp533/client/GIPCClientImpl.java,accessModifiersUsed,Access Modifiers Used: [(comp533.client.GIPCClientImpl, public, private, 3, comp533.client.GIPCClientImpl, null )]
6,Tue Apr 30 00:37:07 EDT 2024,true,comp533/client/GIPCClientImpl.java,methods,NonGetterFunctions:[]NonSetterProcedures:[public  broadcastChangeGIPC:String->void, public  locateRegistry:String[]->void, protected  init:String[]->void, public  simulationCommand:String->void, public  receiveChangeGIPC:String->void, public  findGIPCServerProxy:->void, public  setTracing:->void, public  start:String[]->void, static public  main:String[]->void]Getters:[public  getId:->int]Setters:[public  setId:int->void]
6,Tue Apr 30 00:37:07 EDT 2024,true,comp533/client/GIPCClientImpl.java,properties,Properties:[editable, g-s:0 p-v:3 access:public Id:int(public ,public )]
6,Tue Apr 30 00:37:07 EDT 2024,true,comp533/client/GIPCClientImpl.java,aggregateStatistics, Is Abstract:false Number of Abstract Methods:0 Is Generic:false Number of Generic Methods:0 Number of Asserts:0 Number of Ternary Conditionals:0 Number of Methods:11 Number of Functions:1 Number of Non Getter Functions:0 Number of Getters and Setters:2 Number of Non Public Methods:1 Public Methods Fraction:0.9090909090909091 Protected Methods Fraction:0.09090909090909091 Package Access Methods Fraction:0.0 Private  Methods Fraction:0.0 Average Method Access:0.09090909090909091 Number of Variables:4 Public Variables Fraction:0.0 Protected Variables Fraction:0.0 Package Access Variables Fraction:0.0 Private  Variable Fraction:1.0 Average Variable Access:3.0 Number of Properties:1 Public Properties Fraction:1.0 Protected Properties Fraction:0.0 Package Access Properties Fraction:0.0 Private  Properties Fraction:0.0 Editable Properties Fraction:1.0 ReadOnly Access Properties Fraction:0.0 WriteOnly  Properties Fraction:0.0 Average Properties Access:0.0 Average Local References per Constant:NaN Average Local References per Variable:2.5 Average Local Assignments per Variable:2.5
6,Tue Apr 30 00:37:07 EDT 2024,true,comp533/client/GIPCClientImpl.java,innerTypes,[]
6,Tue Apr 30 00:37:07 EDT 2024,true,comp533/client/GIPCClientImpl.java,superTypes,comp533.client.ClientRMIImpl
6,Tue Apr 30 00:37:07 EDT 2024,true,comp533/client/GIPCClientImpl.java,interfaces,[comp533.client.GIPCClient, comp533.client.RemoteClient]
6,Tue Apr 30 00:37:07 EDT 2024,true,comp533/client/GIPCClientImpl.java,tags,None
6,Tue Apr 30 00:37:07 EDT 2024,true,comp533/client/GIPCClientImpl.java,nameNotInDictionary,comp533.client.GIPCClientImpl,gipc
6,Tue Apr 30 00:37:07 EDT 2024,true,comp533/client/GIPCClientImpl.java,nameNotInDictionary,gipcId,gipc
6,Tue Apr 30 00:37:07 EDT 2024,true,comp533/client/GIPCClientImpl.java,nameNotInDictionary,gipcRegistry,gipc
6,Tue Apr 30 00:37:07 EDT 2024,true,comp533/client/GIPCClientImpl.java,variableHasInterfaceType,GIPCServer,serverProxy
6,Tue Apr 30 00:37:07 EDT 2024,true,comp533/client/GIPCClientImpl.java,liberalMagicNumber,1000000,1000000
6,Tue Apr 30 00:37:07 EDT 2024,true,comp533/client/GIPCClientImpl.java,variableHasInterfaceType,GIPCClient,client
6,Tue Apr 30 00:37:07 EDT 2024,true,comp533/client/GIPCClientImpl.java,methodAccessModifierMatched,init:String[]->void,protected,[comp533.client.GIPCClientImpl, comp533.client.ClientRMIImpl],[protected, protected]
6,Tue Apr 30 00:37:07 EDT 2024,true,comp533/client/GIPCClientImpl.java,peerDoesNotHaveCommonProperties,editable, g-s:0 p-v:3 access:public Id:int(public ,public ),GIPCClientImpl,comp533.client.RemoteInCoupler
6,Tue Apr 30 00:37:07 EDT 2024,true,comp533/client/GIPCClientImpl.java,publicMethodsDoNotOverride,[public  broadcastChangeGIPC:String->void, public  locateRegistry:String[]->void, public  findGIPCServerProxy:->void]
6,Tue Apr 30 00:37:07 EDT 2024,true,comp533/client/GIPCClientImpl.java,classDoesNotHaveExactlyOneInterface,comp533.client.GIPCClientImpl,No Tag
6,Tue Apr 30 00:37:07 EDT 2024,true,comp533/client/GIPCClientImpl.java,classDecomposition,[[public  getId:->int, public  setId:int->void], [protected  init:String[]->void, public  locateRegistry:String[]->void, public  findGIPCServerProxy:->void, public  broadcastChangeGIPC:String->void]]
6,Tue Apr 30 00:37:07 EDT 2024,true,comp533/client/ClientRMIImpl.java,variables,Variables:[default comp533.server.RemoteServer serverProxy, default comp533.client.InCoupler in, default comp533.client.OutCoupler out, default stringProcessors.HalloweenCommandProcessor localSim, public static int numClients, private int clientId, private java.rmi.registry.Registry rmiRegistry]
6,Tue Apr 30 00:37:07 EDT 2024,true,comp533/client/ClientRMIImpl.java,accessModifiersUsed,Access Modifiers Used: [(comp533.client.ClientRMIImpl, public, private, 3, comp533.client.ClientRMIImpl, null ), (comp533.client.ClientRMIImpl, public, public, 0, comp533.server.Server, null )]
6,Tue Apr 30 00:37:07 EDT 2024,true,comp533/client/ClientRMIImpl.java,methods,NonGetterFunctions:[private  createSimulation:String->stringProcessors.HalloweenCommandProcessor]NonSetterProcedures:[public  broadcastMetaState:boolean->void, public  ipcMechanism:util.interactiveMethodInvocation.IPCMechanism->void, private  exportClient:->void, static public  main:String[]->void, protected  init:String[]->void, private  findServer:String[]->void, private  locateRegistry:String;int->void, public  broadcastChangeRMI:String->void, public  simulationCommand:String->void, public  start:String[]->void, default processArgs:String[]->void, public  receiveIPCChange:util.interactiveMethodInvocation.IPCMechanism->void, public  receiveMetaStateChange:boolean->void, public  receiveChangeRMI:String->void]Getters:[public  getId:->int]Setters:[public  setId:int->void]
6,Tue Apr 30 00:37:07 EDT 2024,true,comp533/client/ClientRMIImpl.java,properties,Properties:[editable, g-s:0 p-v:3 access:public Id:int(public ,public )]
6,Tue Apr 30 00:37:07 EDT 2024,true,comp533/client/ClientRMIImpl.java,aggregateStatistics, Is Abstract:false Number of Abstract Methods:0 Is Generic:false Number of Generic Methods:0 Number of Asserts:0 Number of Ternary Conditionals:0 Number of Methods:17 Number of Functions:2 Number of Non Getter Functions:1 Number of Getters and Setters:2 Number of Non Public Methods:6 Public Methods Fraction:0.6470588235294118 Protected Methods Fraction:0.058823529411764705 Package Access Methods Fraction:0.058823529411764705 Private  Methods Fraction:0.23529411764705882 Average Method Access:0.8823529411764706 Number of Variables:7 Public Variables Fraction:0.14285714285714285 Protected Variables Fraction:0.0 Package Access Variables Fraction:0.5714285714285714 Private  Variable Fraction:0.2857142857142857 Average Variable Access:2.0 Number of Properties:1 Public Properties Fraction:1.0 Protected Properties Fraction:0.0 Package Access Properties Fraction:0.0 Private  Properties Fraction:0.0 Editable Properties Fraction:1.0 ReadOnly Access Properties Fraction:0.0 WriteOnly  Properties Fraction:0.0 Average Properties Access:0.0 Average Local References per Constant:NaN Average Local References per Variable:3.7142857142857144 Average Local Assignments per Variable:3.7142857142857144
6,Tue Apr 30 00:37:07 EDT 2024,true,comp533/client/ClientRMIImpl.java,innerTypes,[]
6,Tue Apr 30 00:37:07 EDT 2024,true,comp533/client/ClientRMIImpl.java,superTypes,coupledsims.AStandAloneTwoCoupledHalloweenSimulations
6,Tue Apr 30 00:37:07 EDT 2024,true,comp533/client/ClientRMIImpl.java,interfaces,[comp533.client.RemoteClient]
6,Tue Apr 30 00:37:07 EDT 2024,true,comp533/client/ClientRMIImpl.java,tags,None
6,Tue Apr 30 00:37:07 EDT 2024,true,comp533/client/ClientRMIImpl.java,nameNotInDictionary,localSim,sim
6,Tue Apr 30 00:37:07 EDT 2024,true,comp533/client/ClientRMIImpl.java,nameNotInDictionary,ipc,ipc
6,Tue Apr 30 00:37:07 EDT 2024,true,comp533/client/ClientRMIImpl.java,variableHasInterfaceType,RemoteServer,serverProxy
6,Tue Apr 30 00:37:07 EDT 2024,true,comp533/client/ClientRMIImpl.java,variableHasInterfaceType,InCoupler,in
6,Tue Apr 30 00:37:07 EDT 2024,true,comp533/client/ClientRMIImpl.java,variableHasInterfaceType,OutCoupler,out
6,Tue Apr 30 00:37:07 EDT 2024,true,comp533/client/ClientRMIImpl.java,variableHasClassType,ClientRMIImpl,client
6,Tue Apr 30 00:37:07 EDT 2024,true,comp533/client/ClientRMIImpl.java,methodAccessModifierMatched,exportClient:->void,private,[comp533.client.ClientRMIImpl],[private]
6,Tue Apr 30 00:37:07 EDT 2024,true,comp533/client/ClientRMIImpl.java,methodAccessModifierMatched,init:String[]->void,protected,[comp533.client.ClientRMIImpl],[protected]
6,Tue Apr 30 00:37:07 EDT 2024,true,comp533/client/ClientRMIImpl.java,methodAccessModifierMatched,findServer:String[]->void,private,[comp533.client.ClientRMIImpl],[private]
6,Tue Apr 30 00:37:07 EDT 2024,true,comp533/client/ClientRMIImpl.java,methodAccessModifierMatched,locateRegistry:String;int->void,private,[comp533.client.ClientRMIImpl],[private]
6,Tue Apr 30 00:37:07 EDT 2024,true,comp533/client/ClientRMIImpl.java,methodAccessModifierUnmatched,createSimulation:String->HalloweenCommandProcessor,private,None,1,No Referencing Method,No Access Modifiers
6,Tue Apr 30 00:37:07 EDT 2024,true,comp533/client/ClientRMIImpl.java,methodAccessModifierUnmatched,processArgs:String[]->void,package,None,2,No Referencing Method,No Access Modifiers
6,Tue Apr 30 00:37:07 EDT 2024,true,comp533/client/ClientRMIImpl.java,peerDoesNotHaveCommonProperties,editable, g-s:0 p-v:3 access:public Id:int(public ,public ),ClientRMIImpl,comp533.client.RemoteInCoupler
6,Tue Apr 30 00:37:07 EDT 2024,true,comp533/client/ClientRMIImpl.java,publicMethodsDoNotOverride,[public  getId:->int, public  setId:int->void]
6,Tue Apr 30 00:37:07 EDT 2024,true,comp533/client/ClientRMIImpl.java,classDecomposition,[[public  setId:int->void, public  getId:->int], [protected  init:String[]->void, private  locateRegistry:String;int->void, private  exportClient:->void, private  findServer:String[]->void, public  broadcastChangeRMI:String->void, public  broadcastMetaState:boolean->void, public  ipcMechanism:util.interactiveMethodInvocation.IPCMechanism->void, public  receiveChangeRMI:String->void], [default processArgs:String[]->void]]
6,Tue Apr 30 00:37:07 EDT 2024,true,comp533/client/InCoupler.java,variables,Variables:[]
6,Tue Apr 30 00:37:07 EDT 2024,true,comp533/client/InCoupler.java,accessModifiersUsed,Access Modifiers Used: []
6,Tue Apr 30 00:37:07 EDT 2024,true,comp533/client/InCoupler.java,methods,NonGetterFunctions:[]NonSetterProcedures:[default updateState:String->void]Getters:[default getId:->int]Setters:[default setLocalSim:stringProcessors.HalloweenCommandProcessor->void]
6,Tue Apr 30 00:37:07 EDT 2024,true,comp533/client/InCoupler.java,properties,Properties:[writeonly  p-v:5 access:package LocalSim:stringProcessors.HalloweenCommandProcessor( null,default ), readonly  p-v:5 access:package Id:int(default , null)]
6,Tue Apr 30 00:37:07 EDT 2024,true,comp533/client/InCoupler.java,aggregateStatistics, Is Abstract:false Number of Abstract Methods:0 Is Generic:false Number of Generic Methods:0 Number of Asserts:0 Number of Ternary Conditionals:0 Number of Methods:3 Number of Functions:1 Number of Non Getter Functions:0 Number of Getters and Setters:2 Number of Non Public Methods:3 Public Methods Fraction:0.0 Protected Methods Fraction:0.0 Package Access Methods Fraction:1.0 Private  Methods Fraction:0.0 Average Method Access:2.0 Number of Variables:0 Public Variables Fraction:NaN Protected Variables Fraction:NaN Package Access Variables Fraction:NaN Private  Variable Fraction:NaN Average Variable Access:NaN Number of Properties:2 Public Properties Fraction:0.0 Protected Properties Fraction:0.0 Package Access Properties Fraction:1.0 Private  Properties Fraction:0.0 Editable Properties Fraction:0.0 ReadOnly Access Properties Fraction:0.5 WriteOnly  Properties Fraction:0.5 Average Properties Access:2.0 Average Local References per Constant:-1.0 Average Local References per Variable:-1.0 Average Local Assignments per Variable:-1.0
6,Tue Apr 30 00:37:07 EDT 2024,true,comp533/client/InCoupler.java,innerTypes,[]
6,Tue Apr 30 00:37:07 EDT 2024,true,comp533/client/InCoupler.java,superTypes,[java.rmi.Remote, java.io.Serializable]
6,Tue Apr 30 00:37:07 EDT 2024,true,comp533/client/InCoupler.java,tags,None
6,Tue Apr 30 00:37:07 EDT 2024,true,comp533/client/InCoupler.java,nameNotInDictionary,sim,sim
6,Tue Apr 30 00:37:07 EDT 2024,true,comp533/client/OutCoupler.java,variables,Variables:[]
6,Tue Apr 30 00:37:07 EDT 2024,true,comp533/client/OutCoupler.java,accessModifiersUsed,Access Modifiers Used: []
6,Tue Apr 30 00:37:07 EDT 2024,true,comp533/client/OutCoupler.java,methods,NonGetterFunctions:[]NonSetterProcedures:[default broadcastToServer:String->void]Getters:[]Setters:[]
6,Tue Apr 30 00:37:07 EDT 2024,true,comp533/client/OutCoupler.java,properties,Properties:[]
6,Tue Apr 30 00:37:07 EDT 2024,true,comp533/client/OutCoupler.java,aggregateStatistics, Is Abstract:false Number of Abstract Methods:0 Is Generic:false Number of Generic Methods:0 Number of Asserts:0 Number of Ternary Conditionals:0 Number of Methods:1 Number of Functions:0 Number of Non Getter Functions:0 Number of Getters and Setters:0 Number of Non Public Methods:1 Public Methods Fraction:0.0 Protected Methods Fraction:0.0 Package Access Methods Fraction:1.0 Private  Methods Fraction:0.0 Average Method Access:2.0 Number of Variables:0 Public Variables Fraction:NaN Protected Variables Fraction:NaN Package Access Variables Fraction:NaN Private  Variable Fraction:NaN Average Variable Access:NaN Number of Properties:0 Public Properties Fraction:NaN Protected Properties Fraction:NaN Package Access Properties Fraction:NaN Private  Properties Fraction:NaN Editable Properties Fraction:NaN ReadOnly Access Properties Fraction:NaN WriteOnly  Properties Fraction:NaN Average Properties Access:NaN Average Local References per Constant:-1.0 Average Local References per Variable:-1.0 Average Local Assignments per Variable:-1.0
6,Tue Apr 30 00:37:07 EDT 2024,true,comp533/client/OutCoupler.java,innerTypes,[]
6,Tue Apr 30 00:37:07 EDT 2024,true,comp533/client/OutCoupler.java,superTypes,[java.beans.PropertyChangeListener, java.rmi.Remote, java.io.Serializable]
6,Tue Apr 30 00:37:07 EDT 2024,true,comp533/client/OutCoupler.java,tags,None
6,Tue Apr 30 00:37:07 EDT 2024,true,comp533/A5Grader.java,variables,Variables:[]
6,Tue Apr 30 00:37:07 EDT 2024,true,comp533/A5Grader.java,accessModifiersUsed,Access Modifiers Used: []
6,Tue Apr 30 00:37:07 EDT 2024,true,comp533/A5Grader.java,methods,NonGetterFunctions:[]NonSetterProcedures:[static public  main:String[]->void]Getters:[]Setters:[]
6,Tue Apr 30 00:37:07 EDT 2024,true,comp533/A5Grader.java,properties,Properties:[]
6,Tue Apr 30 00:37:07 EDT 2024,true,comp533/A5Grader.java,aggregateStatistics, Is Abstract:false Number of Abstract Methods:0 Is Generic:false Number of Generic Methods:0 Number of Asserts:0 Number of Ternary Conditionals:0 Number of Methods:1 Number of Functions:0 Number of Non Getter Functions:0 Number of Getters and Setters:0 Number of Non Public Methods:0 Public Methods Fraction:1.0 Protected Methods Fraction:0.0 Package Access Methods Fraction:0.0 Private  Methods Fraction:0.0 Average Method Access:0.0 Number of Variables:0 Public Variables Fraction:NaN Protected Variables Fraction:NaN Package Access Variables Fraction:NaN Private  Variable Fraction:NaN Average Variable Access:NaN Number of Properties:0 Public Properties Fraction:NaN Protected Properties Fraction:NaN Package Access Properties Fraction:NaN Private  Properties Fraction:NaN Editable Properties Fraction:NaN ReadOnly Access Properties Fraction:NaN WriteOnly  Properties Fraction:NaN Average Properties Access:NaN Average Local References per Constant:-1.0 Average Local References per Variable:-1.0 Average Local Assignments per Variable:-1.0
6,Tue Apr 30 00:37:07 EDT 2024,true,comp533/A5Grader.java,innerTypes,[]
6,Tue Apr 30 00:37:07 EDT 2024,true,comp533/A5Grader.java,superTypes,None
6,Tue Apr 30 00:37:07 EDT 2024,true,comp533/A5Grader.java,interfaces,[]
6,Tue Apr 30 00:37:07 EDT 2024,true,comp533/A5Grader.java,tags,None
6,Tue Apr 30 00:37:07 EDT 2024,true,comp533/A5Grader.java,liberalMagicNumber,11000,EXPR 11000
6,Tue Apr 30 00:37:07 EDT 2024,true,comp533/A5Grader.java,liberalMagicNumber,12000,EXPR 12000
6,Tue Apr 30 00:37:07 EDT 2024,true,comp533/client/RemoteClient.java,variables,Variables:[public static String CLIENT]
6,Tue Apr 30 00:37:07 EDT 2024,true,comp533/client/RemoteClient.java,accessModifiersUsed,Access Modifiers Used: [(comp533.client.RemoteClient, public, package, 2, comp533.client.ClientRMIImpl, null ), (comp533.client.RemoteClient, public, package, 2, comp533.client.GIPCClientImpl, null ), (comp533.client.RemoteClient, public, public, 0, comp533.server.Server, null )]
6,Tue Apr 30 00:37:07 EDT 2024,true,comp533/client/RemoteClient.java,methods,NonGetterFunctions:[]NonSetterProcedures:[default broadcastChangeRMI:String->void, default receiveChangeRMI:String->void, default receiveIPCChange:util.interactiveMethodInvocation.IPCMechanism->void, default receiveMetaStateChange:boolean->void, default ipcMechanism:util.interactiveMethodInvocation.IPCMechanism->void]Getters:[default getId:->int]Setters:[default setId:int->void]
6,Tue Apr 30 00:37:07 EDT 2024,true,comp533/client/RemoteClient.java,properties,Properties:[editable, g-s:0 p-v:5 access:package Id:int(default ,default )]
6,Tue Apr 30 00:37:07 EDT 2024,true,comp533/client/RemoteClient.java,aggregateStatistics, Is Abstract:false Number of Abstract Methods:0 Is Generic:false Number of Generic Methods:0 Number of Asserts:0 Number of Ternary Conditionals:0 Number of Methods:7 Number of Functions:1 Number of Non Getter Functions:0 Number of Getters and Setters:2 Number of Non Public Methods:7 Public Methods Fraction:0.0 Protected Methods Fraction:0.0 Package Access Methods Fraction:1.0 Private  Methods Fraction:0.0 Average Method Access:2.0 Number of Variables:1 Public Variables Fraction:1.0 Protected Variables Fraction:0.0 Package Access Variables Fraction:0.0 Private  Variable Fraction:0.0 Average Variable Access:0.0 Number of Properties:1 Public Properties Fraction:0.0 Protected Properties Fraction:0.0 Package Access Properties Fraction:1.0 Private  Properties Fraction:0.0 Editable Properties Fraction:1.0 ReadOnly Access Properties Fraction:0.0 WriteOnly  Properties Fraction:0.0 Average Properties Access:2.0 Average Local References per Constant:4.0 Average Local References per Variable:4.0 Average Local Assignments per Variable:4.0
6,Tue Apr 30 00:37:07 EDT 2024,true,comp533/client/RemoteClient.java,innerTypes,[]
6,Tue Apr 30 00:37:07 EDT 2024,true,comp533/client/RemoteClient.java,superTypes,[java.rmi.Remote, java.io.Serializable]
6,Tue Apr 30 00:37:07 EDT 2024,true,comp533/client/RemoteClient.java,tags,None
6,Tue Apr 30 00:37:07 EDT 2024,true,comp533/client/RemoteClient.java,nameNotInDictionary,ipc,ipc
6,Tue Apr 30 00:37:07 EDT 2024,true,comp533/client/RemoteOutCoupler.java,variables,Variables:[private static long serialVersionUID, default stringProcessors.HalloweenCommandProcessor localSim, default util.interactiveMethodInvocation.IPCMechanism mode]
6,Tue Apr 30 00:37:07 EDT 2024,true,comp533/client/RemoteOutCoupler.java,accessModifiersUsed,Access Modifiers Used: [(comp533.client.RemoteOutCoupler, public, private, 3, comp533.client.RemoteOutCoupler, null )]
6,Tue Apr 30 00:37:07 EDT 2024,true,comp533/client/RemoteOutCoupler.java,methods,NonGetterFunctions:[]NonSetterProcedures:[public  propertyChange:java.beans.PropertyChangeEvent->void, public  broadcastToServer:String->void]Getters:[]Setters:[]
6,Tue Apr 30 00:37:07 EDT 2024,true,comp533/client/RemoteOutCoupler.java,properties,Properties:[]
6,Tue Apr 30 00:37:07 EDT 2024,true,comp533/client/RemoteOutCoupler.java,aggregateStatistics, Is Abstract:false Number of Abstract Methods:0 Is Generic:false Number of Generic Methods:0 Number of Asserts:0 Number of Ternary Conditionals:0 Number of Methods:2 Number of Functions:0 Number of Non Getter Functions:0 Number of Getters and Setters:0 Number of Non Public Methods:0 Public Methods Fraction:1.0 Protected Methods Fraction:0.0 Package Access Methods Fraction:0.0 Private  Methods Fraction:0.0 Average Method Access:0.0 Number of Variables:3 Public Variables Fraction:0.0 Protected Variables Fraction:0.0 Package Access Variables Fraction:0.6666666666666666 Private  Variable Fraction:0.3333333333333333 Average Variable Access:2.333333333333333 Number of Properties:0 Public Properties Fraction:NaN Protected Properties Fraction:NaN Package Access Properties Fraction:NaN Private  Properties Fraction:NaN Editable Properties Fraction:NaN ReadOnly Access Properties Fraction:NaN WriteOnly  Properties Fraction:NaN Average Properties Access:NaN Average Local References per Constant:0.0 Average Local References per Variable:1.6666666666666667 Average Local Assignments per Variable:1.6666666666666667
6,Tue Apr 30 00:37:07 EDT 2024,true,comp533/client/RemoteOutCoupler.java,innerTypes,[]
6,Tue Apr 30 00:37:07 EDT 2024,true,comp533/client/RemoteOutCoupler.java,superTypes,None
6,Tue Apr 30 00:37:07 EDT 2024,true,comp533/client/RemoteOutCoupler.java,interfaces,[comp533.client.OutCoupler]
6,Tue Apr 30 00:37:07 EDT 2024,true,comp533/client/RemoteOutCoupler.java,tags,None
6,Tue Apr 30 00:37:07 EDT 2024,true,comp533/client/RemoteOutCoupler.java,nameNotInDictionary,serialVersionUID,uid
6,Tue Apr 30 00:37:07 EDT 2024,true,comp533/client/RemoteOutCoupler.java,nameNotInDictionary,localSim,sim
6,Tue Apr 30 00:37:07 EDT 2024,true,comp533/client/RemoteOutCoupler.java,publicMethodsOverride,[]
8,Tue Apr 30 00:58:05 EDT 2024,true,comp533/client/ClientRMIImpl.java,variables,Variables:[default comp533.server.RemoteServer serverProxy, default comp533.client.InCoupler in, default comp533.client.OutCoupler out, default stringProcessors.HalloweenCommandProcessor localSim, public static int numClients, private int clientId, private java.rmi.registry.Registry rmiRegistry]
8,Tue Apr 30 00:58:05 EDT 2024,true,comp533/client/ClientRMIImpl.java,accessModifiersUsed,Access Modifiers Used: [(comp533.client.ClientRMIImpl, public, private, 3, comp533.client.ClientRMIImpl, null )]
8,Tue Apr 30 00:58:05 EDT 2024,true,comp533/client/ClientRMIImpl.java,methods,NonGetterFunctions:[private  createSimulation:String->stringProcessors.HalloweenCommandProcessor]NonSetterProcedures:[public  broadcastMetaState:boolean->void, public  ipcMechanism:util.interactiveMethodInvocation.IPCMechanism->void, private  exportClient:->void, static public  main:String[]->void, protected  init:String[]->void, private  findServer:String[]->void, private  locateRegistry:String;int->void, public  broadcastChangeRMI:String->void, public  simulationCommand:String->void, public  start:String[]->void, default processArgs:String[]->void, public  receiveIPCChange:util.interactiveMethodInvocation.IPCMechanism->void, public  receiveMetaStateChange:boolean->void, public  receiveChangeRMI:String->void]Getters:[public  getId:->int]Setters:[public  setId:int->void]
8,Tue Apr 30 00:58:05 EDT 2024,true,comp533/client/ClientRMIImpl.java,properties,Properties:[editable, g-s:0 p-v:3 access:public Id:int(public ,public )]
8,Tue Apr 30 00:58:05 EDT 2024,true,comp533/client/ClientRMIImpl.java,aggregateStatistics, Is Abstract:false Number of Abstract Methods:0 Is Generic:false Number of Generic Methods:0 Number of Asserts:0 Number of Ternary Conditionals:0 Number of Methods:17 Number of Functions:2 Number of Non Getter Functions:1 Number of Getters and Setters:2 Number of Non Public Methods:6 Public Methods Fraction:0.6470588235294118 Protected Methods Fraction:0.058823529411764705 Package Access Methods Fraction:0.058823529411764705 Private  Methods Fraction:0.23529411764705882 Average Method Access:0.8823529411764706 Number of Variables:7 Public Variables Fraction:0.14285714285714285 Protected Variables Fraction:0.0 Package Access Variables Fraction:0.5714285714285714 Private  Variable Fraction:0.2857142857142857 Average Variable Access:2.0 Number of Properties:1 Public Properties Fraction:1.0 Protected Properties Fraction:0.0 Package Access Properties Fraction:0.0 Private  Properties Fraction:0.0 Editable Properties Fraction:1.0 ReadOnly Access Properties Fraction:0.0 WriteOnly  Properties Fraction:0.0 Average Properties Access:0.0 Average Local References per Constant:NaN Average Local References per Variable:3.7142857142857144 Average Local Assignments per Variable:3.7142857142857144
8,Tue Apr 30 00:58:05 EDT 2024,true,comp533/client/ClientRMIImpl.java,innerTypes,[]
8,Tue Apr 30 00:58:05 EDT 2024,true,comp533/client/ClientRMIImpl.java,superTypes,coupledsims.AStandAloneTwoCoupledHalloweenSimulations
8,Tue Apr 30 00:58:05 EDT 2024,true,comp533/client/ClientRMIImpl.java,interfaces,[comp533.client.RemoteClient]
8,Tue Apr 30 00:58:05 EDT 2024,true,comp533/client/ClientRMIImpl.java,tags,None
