#,Time,%Passes,Change,Test,Pass,Partial,Fail,Untested,SessionNumber,SessionRunNumber,IsSuite,SuiteTests,PrerequisiteTests,ExtraCreditTests,TestScores,FailFromPreReq,
0,Mon Apr 29 15:08:29 EDT 2024,0,0,A5SpecificStyleSuite, , ,A5ExpectedCalls+ A5ExpectedInterfaces+ A5ExpectedSignatures+ A5SpuriousCalls+ A5TaggedClassesDefined+ ,A5AccessModifiersMatched A5InterfaceAsType A5MnemonicNames A5NamedConstants A5NoCheckstyleWarnings A5PublicMethodsOverride GIPCRMIClientMetaStateBroadcast GIPCRMIClientMetaStateNoBroadcast GIPCRMIOneClientConnection GIPCRMIOneClientReadWriteNonAtomic GIPCRMIServerMetaStateBroadcast GIPCRMIServerMetaStateNoBroadcast GIPCRMIStaticArguments GIPCRMITwoClientConnection GIPCRMITwoClientReadWriteNonAtomic ,0,0,true,A5ExpectedCalls A5ExpectedInterfaces A5ExpectedSignatures A5SpuriousCalls A5TaggedClassesDefined , , ,A5ExpectedCalls-(0.0/20.0) A5ExpectedInterfaces-(0.0/5.0) A5ExpectedSignatures-(0.0/5.0) A5SpuriousCalls-(0.0/20.0) A5TaggedClassesDefined-(0.0/10.0) , ,
0,Mon Apr 29 15:08:29 EDT 2024,0,0,A5SpecificStyleSuite, , ,A5ExpectedCalls+ A5ExpectedInterfaces+ A5ExpectedSignatures+ A5SpuriousCalls+ A5TaggedClassesDefined+ ,A5AccessModifiersMatched A5InterfaceAsType A5MnemonicNames A5NamedConstants A5NoCheckstyleWarnings A5PublicMethodsOverride GIPCRMIClientMetaStateBroadcast GIPCRMIClientMetaStateNoBroadcast GIPCRMIOneClientConnection GIPCRMIOneClientReadWriteNonAtomic GIPCRMIServerMetaStateBroadcast GIPCRMIServerMetaStateNoBroadcast GIPCRMIStaticArguments GIPCRMITwoClientConnection GIPCRMITwoClientReadWriteNonAtomic ,0,0,true,A5ExpectedCalls A5ExpectedInterfaces A5ExpectedSignatures A5SpuriousCalls A5TaggedClassesDefined , , ,A5ExpectedCalls-(0.0/20.0) A5ExpectedInterfaces-(0.0/5.0) A5ExpectedSignatures-(0.0/5.0) A5SpuriousCalls-(0.0/20.0) A5TaggedClassesDefined-(0.0/10.0) , ,
1,Mon Apr 29 15:08:39 EDT 2024,0,0,Assignment5OneClientSuite, , ,A5ExpectedCalls A5ExpectedInterfaces A5ExpectedSignatures A5SpuriousCalls A5TaggedClassesDefined GIPCRMIOneClientConnection+ GIPCRMIOneClientReadWriteNonAtomic+ GIPCRMIStaticArguments+ ,A5AccessModifiersMatched A5InterfaceAsType A5MnemonicNames A5NamedConstants A5NoCheckstyleWarnings A5PublicMethodsOverride GIPCRMIClientMetaStateBroadcast GIPCRMIClientMetaStateNoBroadcast GIPCRMIServerMetaStateBroadcast GIPCRMIServerMetaStateNoBroadcast GIPCRMITwoClientConnection GIPCRMITwoClientReadWriteNonAtomic ,0,1,true,GIPCRMIOneClientConnection GIPCRMIOneClientReadWriteNonAtomic GIPCRMIStaticArguments , , ,GIPCRMIOneClientConnection-(0.0/20.0) GIPCRMIOneClientReadWriteNonAtomic-(0.0/20.0) GIPCRMIStaticArguments-(0.0/20.0) , ,
1,Mon Apr 29 15:08:39 EDT 2024,0,0,Assignment5OneClientSuite, , ,A5ExpectedCalls A5ExpectedInterfaces A5ExpectedSignatures A5SpuriousCalls A5TaggedClassesDefined GIPCRMIOneClientConnection+ GIPCRMIOneClientReadWriteNonAtomic+ GIPCRMIStaticArguments+ ,A5AccessModifiersMatched A5InterfaceAsType A5MnemonicNames A5NamedConstants A5NoCheckstyleWarnings A5PublicMethodsOverride GIPCRMIClientMetaStateBroadcast GIPCRMIClientMetaStateNoBroadcast GIPCRMIServerMetaStateBroadcast GIPCRMIServerMetaStateNoBroadcast GIPCRMITwoClientConnection GIPCRMITwoClientReadWriteNonAtomic ,0,1,true,GIPCRMIOneClientConnection GIPCRMIOneClientReadWriteNonAtomic GIPCRMIStaticArguments , , ,GIPCRMIOneClientConnection-(0.0/20.0) GIPCRMIOneClientReadWriteNonAtomic-(0.0/20.0) GIPCRMIStaticArguments-(0.0/20.0) , ,
2,Mon Apr 29 15:15:43 EDT 2024,0,0,Assignment5OneClientSuite, , ,A5ExpectedCalls A5ExpectedInterfaces A5ExpectedSignatures A5SpuriousCalls A5TaggedClassesDefined GIPCRMIOneClientConnection GIPCRMIOneClientReadWriteNonAtomic GIPCRMIStaticArguments ,A5AccessModifiersMatched A5InterfaceAsType A5MnemonicNames A5NamedConstants A5NoCheckstyleWarnings A5PublicMethodsOverride GIPCRMIClientMetaStateBroadcast GIPCRMIClientMetaStateNoBroadcast GIPCRMIServerMetaStateBroadcast GIPCRMIServerMetaStateNoBroadcast GIPCRMITwoClientConnection GIPCRMITwoClientReadWriteNonAtomic ,1,0,true,GIPCRMIOneClientConnection GIPCRMIOneClientReadWriteNonAtomic GIPCRMIStaticArguments , , ,GIPCRMIOneClientConnection-(0.0/20.0) GIPCRMIOneClientReadWriteNonAtomic-(0.0/20.0) GIPCRMIStaticArguments-(0.0/20.0) , ,
2,Mon Apr 29 15:15:43 EDT 2024,0,0,Assignment5OneClientSuite, , ,A5ExpectedCalls A5ExpectedInterfaces A5ExpectedSignatures A5SpuriousCalls A5TaggedClassesDefined GIPCRMIOneClientConnection GIPCRMIOneClientReadWriteNonAtomic GIPCRMIStaticArguments ,A5AccessModifiersMatched A5InterfaceAsType A5MnemonicNames A5NamedConstants A5NoCheckstyleWarnings A5PublicMethodsOverride GIPCRMIClientMetaStateBroadcast GIPCRMIClientMetaStateNoBroadcast GIPCRMIServerMetaStateBroadcast GIPCRMIServerMetaStateNoBroadcast GIPCRMITwoClientConnection GIPCRMITwoClientReadWriteNonAtomic ,1,0,true,GIPCRMIOneClientConnection GIPCRMIOneClientReadWriteNonAtomic GIPCRMIStaticArguments , , ,GIPCRMIOneClientConnection-(0.0/20.0) GIPCRMIOneClientReadWriteNonAtomic-(0.0/20.0) GIPCRMIStaticArguments-(0.0/20.0) , ,
3,Mon Apr 29 15:54:42 EDT 2024,0,0,A5SpecificStyleSuite, , ,A5ExpectedCalls A5ExpectedInterfaces A5ExpectedSignatures A5SpuriousCalls A5TaggedClassesDefined GIPCRMIOneClientConnection GIPCRMIOneClientReadWriteNonAtomic GIPCRMIStaticArguments ,A5AccessModifiersMatched A5InterfaceAsType A5MnemonicNames A5NamedConstants A5NoCheckstyleWarnings A5PublicMethodsOverride GIPCRMIClientMetaStateBroadcast GIPCRMIClientMetaStateNoBroadcast GIPCRMIServerMetaStateBroadcast GIPCRMIServerMetaStateNoBroadcast GIPCRMITwoClientConnection GIPCRMITwoClientReadWriteNonAtomic ,2,0,true,A5ExpectedCalls A5ExpectedInterfaces A5ExpectedSignatures A5SpuriousCalls A5TaggedClassesDefined , , ,A5ExpectedCalls-(0.0/20.0) A5ExpectedInterfaces-(0.0/5.0) A5ExpectedSignatures-(0.0/5.0) A5SpuriousCalls-(0.0/20.0) A5TaggedClassesDefined-(0.0/10.0) , ,
3,Mon Apr 29 15:54:42 EDT 2024,0,0,A5SpecificStyleSuite, , ,A5ExpectedCalls A5ExpectedInterfaces A5ExpectedSignatures A5SpuriousCalls A5TaggedClassesDefined GIPCRMIOneClientConnection GIPCRMIOneClientReadWriteNonAtomic GIPCRMIStaticArguments ,A5AccessModifiersMatched A5InterfaceAsType A5MnemonicNames A5NamedConstants A5NoCheckstyleWarnings A5PublicMethodsOverride GIPCRMIClientMetaStateBroadcast GIPCRMIClientMetaStateNoBroadcast GIPCRMIServerMetaStateBroadcast GIPCRMIServerMetaStateNoBroadcast GIPCRMITwoClientConnection GIPCRMITwoClientReadWriteNonAtomic ,2,0,true,A5ExpectedCalls A5ExpectedInterfaces A5ExpectedSignatures A5SpuriousCalls A5TaggedClassesDefined , , ,A5ExpectedCalls-(0.0/20.0) A5ExpectedInterfaces-(0.0/5.0) A5ExpectedSignatures-(0.0/5.0) A5SpuriousCalls-(0.0/20.0) A5TaggedClassesDefined-(0.0/10.0) , ,
4,Mon Apr 29 15:55:00 EDT 2024,0,0,Assignment5OneClientSuite, , ,A5ExpectedCalls A5ExpectedInterfaces A5ExpectedSignatures A5SpuriousCalls A5TaggedClassesDefined GIPCRMIOneClientConnection GIPCRMIOneClientReadWriteNonAtomic GIPCRMIStaticArguments ,A5AccessModifiersMatched A5InterfaceAsType A5MnemonicNames A5NamedConstants A5NoCheckstyleWarnings A5PublicMethodsOverride GIPCRMIClientMetaStateBroadcast GIPCRMIClientMetaStateNoBroadcast GIPCRMIServerMetaStateBroadcast GIPCRMIServerMetaStateNoBroadcast GIPCRMITwoClientConnection GIPCRMITwoClientReadWriteNonAtomic ,2,1,true,GIPCRMIOneClientConnection GIPCRMIOneClientReadWriteNonAtomic GIPCRMIStaticArguments , , ,GIPCRMIOneClientConnection-(0.0/20.0) GIPCRMIOneClientReadWriteNonAtomic-(0.0/20.0) GIPCRMIStaticArguments-(0.0/20.0) , ,
4,Mon Apr 29 15:55:00 EDT 2024,0,0,Assignment5OneClientSuite, , ,A5ExpectedCalls A5ExpectedInterfaces A5ExpectedSignatures A5SpuriousCalls A5TaggedClassesDefined GIPCRMIOneClientConnection GIPCRMIOneClientReadWriteNonAtomic GIPCRMIStaticArguments ,A5AccessModifiersMatched A5InterfaceAsType A5MnemonicNames A5NamedConstants A5NoCheckstyleWarnings A5PublicMethodsOverride GIPCRMIClientMetaStateBroadcast GIPCRMIClientMetaStateNoBroadcast GIPCRMIServerMetaStateBroadcast GIPCRMIServerMetaStateNoBroadcast GIPCRMITwoClientConnection GIPCRMITwoClientReadWriteNonAtomic ,2,1,true,GIPCRMIOneClientConnection GIPCRMIOneClientReadWriteNonAtomic GIPCRMIStaticArguments , , ,GIPCRMIOneClientConnection-(0.0/20.0) GIPCRMIOneClientReadWriteNonAtomic-(0.0/20.0) GIPCRMIStaticArguments-(0.0/20.0) , ,
5,Mon Apr 29 15:55:01 EDT 2024,0,0,Assignment5OneClientSuite, , ,A5ExpectedCalls A5ExpectedInterfaces A5ExpectedSignatures A5SpuriousCalls A5TaggedClassesDefined GIPCRMIOneClientConnection GIPCRMIOneClientReadWriteNonAtomic GIPCRMIStaticArguments ,A5AccessModifiersMatched A5InterfaceAsType A5MnemonicNames A5NamedConstants A5NoCheckstyleWarnings A5PublicMethodsOverride GIPCRMIClientMetaStateBroadcast GIPCRMIClientMetaStateNoBroadcast GIPCRMIServerMetaStateBroadcast GIPCRMIServerMetaStateNoBroadcast GIPCRMITwoClientConnection GIPCRMITwoClientReadWriteNonAtomic ,2,2,true,GIPCRMIOneClientConnection GIPCRMIOneClientReadWriteNonAtomic GIPCRMIStaticArguments , , ,GIPCRMIOneClientConnection-(0.0/20.0) GIPCRMIOneClientReadWriteNonAtomic-(0.0/20.0) GIPCRMIStaticArguments-(0.0/20.0) , ,
5,Mon Apr 29 15:55:01 EDT 2024,0,0,Assignment5OneClientSuite, , ,A5ExpectedCalls A5ExpectedInterfaces A5ExpectedSignatures A5SpuriousCalls A5TaggedClassesDefined GIPCRMIOneClientConnection GIPCRMIOneClientReadWriteNonAtomic GIPCRMIStaticArguments ,A5AccessModifiersMatched A5InterfaceAsType A5MnemonicNames A5NamedConstants A5NoCheckstyleWarnings A5PublicMethodsOverride GIPCRMIClientMetaStateBroadcast GIPCRMIClientMetaStateNoBroadcast GIPCRMIServerMetaStateBroadcast GIPCRMIServerMetaStateNoBroadcast GIPCRMITwoClientConnection GIPCRMITwoClientReadWriteNonAtomic ,2,2,true,GIPCRMIOneClientConnection GIPCRMIOneClientReadWriteNonAtomic GIPCRMIStaticArguments , , ,GIPCRMIOneClientConnection-(0.0/20.0) GIPCRMIOneClientReadWriteNonAtomic-(0.0/20.0) GIPCRMIStaticArguments-(0.0/20.0) , ,
6,Mon Apr 29 15:55:21 EDT 2024,0,0,Assignment5TwoClientSuite, , ,A5ExpectedCalls A5ExpectedInterfaces A5ExpectedSignatures A5SpuriousCalls A5TaggedClassesDefined GIPCRMIClientMetaStateBroadcast+ GIPCRMIClientMetaStateNoBroadcast+ GIPCRMIOneClientConnection GIPCRMIOneClientReadWriteNonAtomic GIPCRMIServerMetaStateBroadcast+ GIPCRMIServerMetaStateNoBroadcast+ GIPCRMIStaticArguments GIPCRMITwoClientConnection+ GIPCRMITwoClientReadWriteNonAtomic+ ,A5AccessModifiersMatched A5InterfaceAsType A5MnemonicNames A5NamedConstants A5NoCheckstyleWarnings A5PublicMethodsOverride ,2,3,true,GIPCRMIClientMetaStateBroadcast GIPCRMIClientMetaStateNoBroadcast GIPCRMIServerMetaStateBroadcast GIPCRMIServerMetaStateNoBroadcast GIPCRMITwoClientConnection GIPCRMITwoClientReadWriteNonAtomic , ,GIPCRMIServerMetaStateBroadcast GIPCRMIServerMetaStateNoBroadcast ,GIPCRMIClientMetaStateBroadcast-(0.0/20.0) GIPCRMIClientMetaStateNoBroadcast-(0.0/20.0) GIPCRMIServerMetaStateBroadcast-(0.0/20.0) GIPCRMIServerMetaStateNoBroadcast-(0.0/20.0) GIPCRMITwoClientConnection-(0.0/20.0) GIPCRMITwoClientReadWriteNonAtomic-(0.0/20.0) , ,
6,Mon Apr 29 15:55:21 EDT 2024,0,0,Assignment5TwoClientSuite, , ,A5ExpectedCalls A5ExpectedInterfaces A5ExpectedSignatures A5SpuriousCalls A5TaggedClassesDefined GIPCRMIClientMetaStateBroadcast+ GIPCRMIClientMetaStateNoBroadcast+ GIPCRMIOneClientConnection GIPCRMIOneClientReadWriteNonAtomic GIPCRMIServerMetaStateBroadcast+ GIPCRMIServerMetaStateNoBroadcast+ GIPCRMIStaticArguments GIPCRMITwoClientConnection+ GIPCRMITwoClientReadWriteNonAtomic+ ,A5AccessModifiersMatched A5InterfaceAsType A5MnemonicNames A5NamedConstants A5NoCheckstyleWarnings A5PublicMethodsOverride ,2,3,true,GIPCRMIClientMetaStateBroadcast GIPCRMIClientMetaStateNoBroadcast GIPCRMIServerMetaStateBroadcast GIPCRMIServerMetaStateNoBroadcast GIPCRMITwoClientConnection GIPCRMITwoClientReadWriteNonAtomic , ,GIPCRMIServerMetaStateBroadcast GIPCRMIServerMetaStateNoBroadcast ,GIPCRMIClientMetaStateBroadcast-(0.0/20.0) GIPCRMIClientMetaStateNoBroadcast-(0.0/20.0) GIPCRMIServerMetaStateBroadcast-(0.0/20.0) GIPCRMIServerMetaStateNoBroadcast-(0.0/20.0) GIPCRMITwoClientConnection-(0.0/20.0) GIPCRMITwoClientReadWriteNonAtomic-(0.0/20.0) , ,
7,Mon Apr 29 15:55:21 EDT 2024,0,0,GIPCRMIServerMetaStateBroadcast, , ,A5ExpectedCalls A5ExpectedInterfaces A5ExpectedSignatures A5SpuriousCalls A5TaggedClassesDefined GIPCRMIClientMetaStateBroadcast GIPCRMIClientMetaStateNoBroadcast GIPCRMIOneClientConnection GIPCRMIOneClientReadWriteNonAtomic GIPCRMIServerMetaStateBroadcast GIPCRMIServerMetaStateNoBroadcast GIPCRMIStaticArguments GIPCRMITwoClientConnection GIPCRMITwoClientReadWriteNonAtomic ,A5AccessModifiersMatched A5InterfaceAsType A5MnemonicNames A5NamedConstants A5NoCheckstyleWarnings A5PublicMethodsOverride ,2,4,false, , ,GIPCRMIServerMetaStateBroadcast ,GIPCRMIServerMetaStateBroadcast-(0.0/20.0) , ,
7,Mon Apr 29 15:55:21 EDT 2024,0,0,GIPCRMIServerMetaStateBroadcast, , ,A5ExpectedCalls A5ExpectedInterfaces A5ExpectedSignatures A5SpuriousCalls A5TaggedClassesDefined GIPCRMIClientMetaStateBroadcast GIPCRMIClientMetaStateNoBroadcast GIPCRMIOneClientConnection GIPCRMIOneClientReadWriteNonAtomic GIPCRMIServerMetaStateBroadcast GIPCRMIServerMetaStateNoBroadcast GIPCRMIStaticArguments GIPCRMITwoClientConnection GIPCRMITwoClientReadWriteNonAtomic ,A5AccessModifiersMatched A5InterfaceAsType A5MnemonicNames A5NamedConstants A5NoCheckstyleWarnings A5PublicMethodsOverride ,2,4,false, , ,GIPCRMIServerMetaStateBroadcast ,GIPCRMIServerMetaStateBroadcast-(0.0/20.0) , ,
8,Mon Apr 29 15:55:25 EDT 2024,0,0,A5GeneralStyleSuite, , ,A5AccessModifiersMatched+ A5ExpectedCalls A5ExpectedInterfaces A5ExpectedSignatures A5InterfaceAsType+ A5MnemonicNames+ A5NamedConstants+ A5NoCheckstyleWarnings+ A5PublicMethodsOverride+ A5SpuriousCalls A5TaggedClassesDefined GIPCRMIClientMetaStateBroadcast GIPCRMIClientMetaStateNoBroadcast GIPCRMIOneClientConnection GIPCRMIOneClientReadWriteNonAtomic GIPCRMIServerMetaStateBroadcast GIPCRMIServerMetaStateNoBroadcast GIPCRMIStaticArguments GIPCRMITwoClientConnection GIPCRMITwoClientReadWriteNonAtomic , ,2,5,true,A5AccessModifiersMatched A5InterfaceAsType A5MnemonicNames A5NamedConstants A5NoCheckstyleWarnings A5PublicMethodsOverride , ,A5AccessModifiersMatched A5MnemonicNames A5NoCheckstyleWarnings A5PublicMethodsOverride ,A5AccessModifiersMatched-(0.0/5.0) A5InterfaceAsType-(0.0/10.0) A5MnemonicNames-(0.0/10.0) A5NamedConstants-(0.0/1.0) A5NoCheckstyleWarnings-(0.0/10.0) A5PublicMethodsOverride-(0.0/5.0) , ,
8,Mon Apr 29 15:55:25 EDT 2024,0,0,A5GeneralStyleSuite, , ,A5AccessModifiersMatched+ A5ExpectedCalls A5ExpectedInterfaces A5ExpectedSignatures A5InterfaceAsType+ A5MnemonicNames+ A5NamedConstants+ A5NoCheckstyleWarnings+ A5PublicMethodsOverride+ A5SpuriousCalls A5TaggedClassesDefined GIPCRMIClientMetaStateBroadcast GIPCRMIClientMetaStateNoBroadcast GIPCRMIOneClientConnection GIPCRMIOneClientReadWriteNonAtomic GIPCRMIServerMetaStateBroadcast GIPCRMIServerMetaStateNoBroadcast GIPCRMIStaticArguments GIPCRMITwoClientConnection GIPCRMITwoClientReadWriteNonAtomic , ,2,5,true,A5AccessModifiersMatched A5InterfaceAsType A5MnemonicNames A5NamedConstants A5NoCheckstyleWarnings A5PublicMethodsOverride , ,A5AccessModifiersMatched A5MnemonicNames A5NoCheckstyleWarnings A5PublicMethodsOverride ,A5AccessModifiersMatched-(0.0/5.0) A5InterfaceAsType-(0.0/10.0) A5MnemonicNames-(0.0/10.0) A5NamedConstants-(0.0/1.0) A5NoCheckstyleWarnings-(0.0/10.0) A5PublicMethodsOverride-(0.0/5.0) , ,
9,Mon Apr 29 15:55:46 EDT 2024,0,0,Assignment5OneClientSuite, , ,A5AccessModifiersMatched A5ExpectedCalls A5ExpectedInterfaces A5ExpectedSignatures A5InterfaceAsType A5MnemonicNames A5NamedConstants A5NoCheckstyleWarnings A5PublicMethodsOverride A5SpuriousCalls A5TaggedClassesDefined GIPCRMIClientMetaStateBroadcast GIPCRMIClientMetaStateNoBroadcast GIPCRMIOneClientConnection GIPCRMIOneClientReadWriteNonAtomic GIPCRMIServerMetaStateBroadcast GIPCRMIServerMetaStateNoBroadcast GIPCRMIStaticArguments GIPCRMITwoClientConnection GIPCRMITwoClientReadWriteNonAtomic , ,2,6,true,GIPCRMIOneClientConnection GIPCRMIOneClientReadWriteNonAtomic GIPCRMIStaticArguments , , ,GIPCRMIOneClientConnection-(0.0/20.0) GIPCRMIOneClientReadWriteNonAtomic-(0.0/20.0) GIPCRMIStaticArguments-(0.0/20.0) , ,
9,Mon Apr 29 15:55:46 EDT 2024,0,0,Assignment5OneClientSuite, , ,A5AccessModifiersMatched A5ExpectedCalls A5ExpectedInterfaces A5ExpectedSignatures A5InterfaceAsType A5MnemonicNames A5NamedConstants A5NoCheckstyleWarnings A5PublicMethodsOverride A5SpuriousCalls A5TaggedClassesDefined GIPCRMIClientMetaStateBroadcast GIPCRMIClientMetaStateNoBroadcast GIPCRMIOneClientConnection GIPCRMIOneClientReadWriteNonAtomic GIPCRMIServerMetaStateBroadcast GIPCRMIServerMetaStateNoBroadcast GIPCRMIStaticArguments GIPCRMITwoClientConnection GIPCRMITwoClientReadWriteNonAtomic , ,2,6,true,GIPCRMIOneClientConnection GIPCRMIOneClientReadWriteNonAtomic GIPCRMIStaticArguments , , ,GIPCRMIOneClientConnection-(0.0/20.0) GIPCRMIOneClientReadWriteNonAtomic-(0.0/20.0) GIPCRMIStaticArguments-(0.0/20.0) , ,
10,Mon Apr 29 15:56:04 EDT 2024,5,5,A5SpecificStyleSuite,A5TaggedClassesDefined+ , ,A5AccessModifiersMatched A5ExpectedCalls A5ExpectedInterfaces A5ExpectedSignatures A5InterfaceAsType A5MnemonicNames A5NamedConstants A5NoCheckstyleWarnings A5PublicMethodsOverride A5SpuriousCalls GIPCRMIClientMetaStateBroadcast GIPCRMIClientMetaStateNoBroadcast GIPCRMIOneClientConnection GIPCRMIOneClientReadWriteNonAtomic GIPCRMIServerMetaStateBroadcast GIPCRMIServerMetaStateNoBroadcast GIPCRMIStaticArguments GIPCRMITwoClientConnection GIPCRMITwoClientReadWriteNonAtomic , ,3,0,true,A5ExpectedCalls A5ExpectedInterfaces A5ExpectedSignatures A5SpuriousCalls A5TaggedClassesDefined , , ,A5ExpectedCalls-(0.0/20.0) A5ExpectedInterfaces-(0.0/5.0) A5ExpectedSignatures-(0.0/5.0) A5SpuriousCalls-(0.0/20.0) A5TaggedClassesDefined-(10.0/10.0) , ,
10,Mon Apr 29 15:56:04 EDT 2024,5,5,A5SpecificStyleSuite,A5TaggedClassesDefined+ , ,A5AccessModifiersMatched A5ExpectedCalls A5ExpectedInterfaces A5ExpectedSignatures A5InterfaceAsType A5MnemonicNames A5NamedConstants A5NoCheckstyleWarnings A5PublicMethodsOverride A5SpuriousCalls GIPCRMIClientMetaStateBroadcast GIPCRMIClientMetaStateNoBroadcast GIPCRMIOneClientConnection GIPCRMIOneClientReadWriteNonAtomic GIPCRMIServerMetaStateBroadcast GIPCRMIServerMetaStateNoBroadcast GIPCRMIStaticArguments GIPCRMITwoClientConnection GIPCRMITwoClientReadWriteNonAtomic , ,3,0,true,A5ExpectedCalls A5ExpectedInterfaces A5ExpectedSignatures A5SpuriousCalls A5TaggedClassesDefined , , ,A5ExpectedCalls-(0.0/20.0) A5ExpectedInterfaces-(0.0/5.0) A5ExpectedSignatures-(0.0/5.0) A5SpuriousCalls-(0.0/20.0) A5TaggedClassesDefined-(10.0/10.0) , ,
11,Mon Apr 29 15:56:14 EDT 2024,5,0,A5SpecificStyleSuite,A5TaggedClassesDefined , ,A5AccessModifiersMatched A5ExpectedCalls A5ExpectedInterfaces A5ExpectedSignatures A5InterfaceAsType A5MnemonicNames A5NamedConstants A5NoCheckstyleWarnings A5PublicMethodsOverride A5SpuriousCalls GIPCRMIClientMetaStateBroadcast GIPCRMIClientMetaStateNoBroadcast GIPCRMIOneClientConnection GIPCRMIOneClientReadWriteNonAtomic GIPCRMIServerMetaStateBroadcast GIPCRMIServerMetaStateNoBroadcast GIPCRMIStaticArguments GIPCRMITwoClientConnection GIPCRMITwoClientReadWriteNonAtomic , ,3,1,true,A5ExpectedCalls A5ExpectedInterfaces A5ExpectedSignatures A5SpuriousCalls A5TaggedClassesDefined , , ,A5ExpectedCalls-(0.0/20.0) A5ExpectedInterfaces-(0.0/5.0) A5ExpectedSignatures-(0.0/5.0) A5SpuriousCalls-(0.0/20.0) A5TaggedClassesDefined-(10.0/10.0) , ,
11,Mon Apr 29 15:56:14 EDT 2024,5,0,A5SpecificStyleSuite,A5TaggedClassesDefined , ,A5AccessModifiersMatched A5ExpectedCalls A5ExpectedInterfaces A5ExpectedSignatures A5InterfaceAsType A5MnemonicNames A5NamedConstants A5NoCheckstyleWarnings A5PublicMethodsOverride A5SpuriousCalls GIPCRMIClientMetaStateBroadcast GIPCRMIClientMetaStateNoBroadcast GIPCRMIOneClientConnection GIPCRMIOneClientReadWriteNonAtomic GIPCRMIServerMetaStateBroadcast GIPCRMIServerMetaStateNoBroadcast GIPCRMIStaticArguments GIPCRMITwoClientConnection GIPCRMITwoClientReadWriteNonAtomic , ,3,1,true,A5ExpectedCalls A5ExpectedInterfaces A5ExpectedSignatures A5SpuriousCalls A5TaggedClassesDefined , , ,A5ExpectedCalls-(0.0/20.0) A5ExpectedInterfaces-(0.0/5.0) A5ExpectedSignatures-(0.0/5.0) A5SpuriousCalls-(0.0/20.0) A5TaggedClassesDefined-(10.0/10.0) , ,
12,Mon Apr 29 15:56:25 EDT 2024,5,0,Assignment5OneClientSuite,A5TaggedClassesDefined , ,A5AccessModifiersMatched A5ExpectedCalls A5ExpectedInterfaces A5ExpectedSignatures A5InterfaceAsType A5MnemonicNames A5NamedConstants A5NoCheckstyleWarnings A5PublicMethodsOverride A5SpuriousCalls GIPCRMIClientMetaStateBroadcast GIPCRMIClientMetaStateNoBroadcast GIPCRMIOneClientConnection GIPCRMIOneClientReadWriteNonAtomic GIPCRMIServerMetaStateBroadcast GIPCRMIServerMetaStateNoBroadcast GIPCRMIStaticArguments GIPCRMITwoClientConnection GIPCRMITwoClientReadWriteNonAtomic , ,3,2,true,GIPCRMIOneClientConnection GIPCRMIOneClientReadWriteNonAtomic GIPCRMIStaticArguments , , ,GIPCRMIOneClientConnection-(0.0/20.0) GIPCRMIOneClientReadWriteNonAtomic-(0.0/20.0) GIPCRMIStaticArguments-(0.0/20.0) , ,
12,Mon Apr 29 15:56:25 EDT 2024,5,0,Assignment5OneClientSuite,A5TaggedClassesDefined , ,A5AccessModifiersMatched A5ExpectedCalls A5ExpectedInterfaces A5ExpectedSignatures A5InterfaceAsType A5MnemonicNames A5NamedConstants A5NoCheckstyleWarnings A5PublicMethodsOverride A5SpuriousCalls GIPCRMIClientMetaStateBroadcast GIPCRMIClientMetaStateNoBroadcast GIPCRMIOneClientConnection GIPCRMIOneClientReadWriteNonAtomic GIPCRMIServerMetaStateBroadcast GIPCRMIServerMetaStateNoBroadcast GIPCRMIStaticArguments GIPCRMITwoClientConnection GIPCRMITwoClientReadWriteNonAtomic , ,3,2,true,GIPCRMIOneClientConnection GIPCRMIOneClientReadWriteNonAtomic GIPCRMIStaticArguments , , ,GIPCRMIOneClientConnection-(0.0/20.0) GIPCRMIOneClientReadWriteNonAtomic-(0.0/20.0) GIPCRMIStaticArguments-(0.0/20.0) , ,
13,Mon Apr 29 15:59:03 EDT 2024,5,0,A5SpecificStyleSuite,A5TaggedClassesDefined , ,A5AccessModifiersMatched A5ExpectedCalls A5ExpectedInterfaces A5ExpectedSignatures A5InterfaceAsType A5MnemonicNames A5NamedConstants A5NoCheckstyleWarnings A5PublicMethodsOverride A5SpuriousCalls GIPCRMIClientMetaStateBroadcast GIPCRMIClientMetaStateNoBroadcast GIPCRMIOneClientConnection GIPCRMIOneClientReadWriteNonAtomic GIPCRMIServerMetaStateBroadcast GIPCRMIServerMetaStateNoBroadcast GIPCRMIStaticArguments GIPCRMITwoClientConnection GIPCRMITwoClientReadWriteNonAtomic , ,4,0,true,A5ExpectedCalls A5ExpectedInterfaces A5ExpectedSignatures A5SpuriousCalls A5TaggedClassesDefined , , ,A5ExpectedCalls-(0.0/20.0) A5ExpectedInterfaces-(0.0/5.0) A5ExpectedSignatures-(0.0/5.0) A5SpuriousCalls-(0.0/20.0) A5TaggedClassesDefined-(10.0/10.0) , ,
13,Mon Apr 29 15:59:03 EDT 2024,5,0,A5SpecificStyleSuite,A5TaggedClassesDefined , ,A5AccessModifiersMatched A5ExpectedCalls A5ExpectedInterfaces A5ExpectedSignatures A5InterfaceAsType A5MnemonicNames A5NamedConstants A5NoCheckstyleWarnings A5PublicMethodsOverride A5SpuriousCalls GIPCRMIClientMetaStateBroadcast GIPCRMIClientMetaStateNoBroadcast GIPCRMIOneClientConnection GIPCRMIOneClientReadWriteNonAtomic GIPCRMIServerMetaStateBroadcast GIPCRMIServerMetaStateNoBroadcast GIPCRMIStaticArguments GIPCRMITwoClientConnection GIPCRMITwoClientReadWriteNonAtomic , ,4,0,true,A5ExpectedCalls A5ExpectedInterfaces A5ExpectedSignatures A5SpuriousCalls A5TaggedClassesDefined , , ,A5ExpectedCalls-(0.0/20.0) A5ExpectedInterfaces-(0.0/5.0) A5ExpectedSignatures-(0.0/5.0) A5SpuriousCalls-(0.0/20.0) A5TaggedClassesDefined-(10.0/10.0) , ,
14,Mon Apr 29 15:59:15 EDT 2024,5,0,Assignment5OneClientSuite,A5TaggedClassesDefined , ,A5AccessModifiersMatched A5ExpectedCalls A5ExpectedInterfaces A5ExpectedSignatures A5InterfaceAsType A5MnemonicNames A5NamedConstants A5NoCheckstyleWarnings A5PublicMethodsOverride A5SpuriousCalls GIPCRMIClientMetaStateBroadcast GIPCRMIClientMetaStateNoBroadcast GIPCRMIOneClientConnection GIPCRMIOneClientReadWriteNonAtomic GIPCRMIServerMetaStateBroadcast GIPCRMIServerMetaStateNoBroadcast GIPCRMIStaticArguments GIPCRMITwoClientConnection GIPCRMITwoClientReadWriteNonAtomic , ,4,1,true,GIPCRMIOneClientConnection GIPCRMIOneClientReadWriteNonAtomic GIPCRMIStaticArguments , , ,GIPCRMIOneClientConnection-(0.0/20.0) GIPCRMIOneClientReadWriteNonAtomic-(0.0/20.0) GIPCRMIStaticArguments-(0.0/20.0) , ,
14,Mon Apr 29 15:59:15 EDT 2024,5,0,Assignment5OneClientSuite,A5TaggedClassesDefined , ,A5AccessModifiersMatched A5ExpectedCalls A5ExpectedInterfaces A5ExpectedSignatures A5InterfaceAsType A5MnemonicNames A5NamedConstants A5NoCheckstyleWarnings A5PublicMethodsOverride A5SpuriousCalls GIPCRMIClientMetaStateBroadcast GIPCRMIClientMetaStateNoBroadcast GIPCRMIOneClientConnection GIPCRMIOneClientReadWriteNonAtomic GIPCRMIServerMetaStateBroadcast GIPCRMIServerMetaStateNoBroadcast GIPCRMIStaticArguments GIPCRMITwoClientConnection GIPCRMITwoClientReadWriteNonAtomic , ,4,1,true,GIPCRMIOneClientConnection GIPCRMIOneClientReadWriteNonAtomic GIPCRMIStaticArguments , , ,GIPCRMIOneClientConnection-(0.0/20.0) GIPCRMIOneClientReadWriteNonAtomic-(0.0/20.0) GIPCRMIStaticArguments-(0.0/20.0) , ,
15,Mon Apr 29 16:04:47 EDT 2024,5,0,A5SpecificStyleSuite,A5TaggedClassesDefined , ,A5AccessModifiersMatched A5ExpectedCalls A5ExpectedInterfaces A5ExpectedSignatures A5InterfaceAsType A5MnemonicNames A5NamedConstants A5NoCheckstyleWarnings A5PublicMethodsOverride A5SpuriousCalls GIPCRMIClientMetaStateBroadcast GIPCRMIClientMetaStateNoBroadcast GIPCRMIOneClientConnection GIPCRMIOneClientReadWriteNonAtomic GIPCRMIServerMetaStateBroadcast GIPCRMIServerMetaStateNoBroadcast GIPCRMIStaticArguments GIPCRMITwoClientConnection GIPCRMITwoClientReadWriteNonAtomic , ,5,0,true,A5ExpectedCalls A5ExpectedInterfaces A5ExpectedSignatures A5SpuriousCalls A5TaggedClassesDefined , , ,A5ExpectedCalls-(0.0/20.0) A5ExpectedInterfaces-(0.0/5.0) A5ExpectedSignatures-(0.0/5.0) A5SpuriousCalls-(0.0/20.0) A5TaggedClassesDefined-(10.0/10.0) , ,
15,Mon Apr 29 16:04:47 EDT 2024,5,0,A5SpecificStyleSuite,A5TaggedClassesDefined , ,A5AccessModifiersMatched A5ExpectedCalls A5ExpectedInterfaces A5ExpectedSignatures A5InterfaceAsType A5MnemonicNames A5NamedConstants A5NoCheckstyleWarnings A5PublicMethodsOverride A5SpuriousCalls GIPCRMIClientMetaStateBroadcast GIPCRMIClientMetaStateNoBroadcast GIPCRMIOneClientConnection GIPCRMIOneClientReadWriteNonAtomic GIPCRMIServerMetaStateBroadcast GIPCRMIServerMetaStateNoBroadcast GIPCRMIStaticArguments GIPCRMITwoClientConnection GIPCRMITwoClientReadWriteNonAtomic , ,5,0,true,A5ExpectedCalls A5ExpectedInterfaces A5ExpectedSignatures A5SpuriousCalls A5TaggedClassesDefined , , ,A5ExpectedCalls-(0.0/20.0) A5ExpectedInterfaces-(0.0/5.0) A5ExpectedSignatures-(0.0/5.0) A5SpuriousCalls-(0.0/20.0) A5TaggedClassesDefined-(10.0/10.0) , ,
16,Mon Apr 29 16:04:49 EDT 2024,5,0,A5SpecificStyleSuite,A5TaggedClassesDefined , ,A5AccessModifiersMatched A5ExpectedCalls A5ExpectedInterfaces A5ExpectedSignatures A5InterfaceAsType A5MnemonicNames A5NamedConstants A5NoCheckstyleWarnings A5PublicMethodsOverride A5SpuriousCalls GIPCRMIClientMetaStateBroadcast GIPCRMIClientMetaStateNoBroadcast GIPCRMIOneClientConnection GIPCRMIOneClientReadWriteNonAtomic GIPCRMIServerMetaStateBroadcast GIPCRMIServerMetaStateNoBroadcast GIPCRMIStaticArguments GIPCRMITwoClientConnection GIPCRMITwoClientReadWriteNonAtomic , ,5,1,true,A5ExpectedCalls A5ExpectedInterfaces A5ExpectedSignatures A5SpuriousCalls A5TaggedClassesDefined , , ,A5ExpectedCalls-(0.0/20.0) A5ExpectedInterfaces-(0.0/5.0) A5ExpectedSignatures-(0.0/5.0) A5SpuriousCalls-(0.0/20.0) A5TaggedClassesDefined-(10.0/10.0) , ,
16,Mon Apr 29 16:04:49 EDT 2024,5,0,A5SpecificStyleSuite,A5TaggedClassesDefined , ,A5AccessModifiersMatched A5ExpectedCalls A5ExpectedInterfaces A5ExpectedSignatures A5InterfaceAsType A5MnemonicNames A5NamedConstants A5NoCheckstyleWarnings A5PublicMethodsOverride A5SpuriousCalls GIPCRMIClientMetaStateBroadcast GIPCRMIClientMetaStateNoBroadcast GIPCRMIOneClientConnection GIPCRMIOneClientReadWriteNonAtomic GIPCRMIServerMetaStateBroadcast GIPCRMIServerMetaStateNoBroadcast GIPCRMIStaticArguments GIPCRMITwoClientConnection GIPCRMITwoClientReadWriteNonAtomic , ,5,1,true,A5ExpectedCalls A5ExpectedInterfaces A5ExpectedSignatures A5SpuriousCalls A5TaggedClassesDefined , , ,A5ExpectedCalls-(0.0/20.0) A5ExpectedInterfaces-(0.0/5.0) A5ExpectedSignatures-(0.0/5.0) A5SpuriousCalls-(0.0/20.0) A5TaggedClassesDefined-(10.0/10.0) , ,
17,Mon Apr 29 16:04:57 EDT 2024,5,0,A5ExpectedSignatures,A5TaggedClassesDefined , ,A5AccessModifiersMatched A5ExpectedCalls A5ExpectedInterfaces A5ExpectedSignatures A5InterfaceAsType A5MnemonicNames A5NamedConstants A5NoCheckstyleWarnings A5PublicMethodsOverride A5SpuriousCalls GIPCRMIClientMetaStateBroadcast GIPCRMIClientMetaStateNoBroadcast GIPCRMIOneClientConnection GIPCRMIOneClientReadWriteNonAtomic GIPCRMIServerMetaStateBroadcast GIPCRMIServerMetaStateNoBroadcast GIPCRMIStaticArguments GIPCRMITwoClientConnection GIPCRMITwoClientReadWriteNonAtomic , ,5,2,false, , , ,A5ExpectedSignatures-(0.0/5.0) , ,
17,Mon Apr 29 16:04:57 EDT 2024,5,0,A5ExpectedSignatures,A5TaggedClassesDefined , ,A5AccessModifiersMatched A5ExpectedCalls A5ExpectedInterfaces A5ExpectedSignatures A5InterfaceAsType A5MnemonicNames A5NamedConstants A5NoCheckstyleWarnings A5PublicMethodsOverride A5SpuriousCalls GIPCRMIClientMetaStateBroadcast GIPCRMIClientMetaStateNoBroadcast GIPCRMIOneClientConnection GIPCRMIOneClientReadWriteNonAtomic GIPCRMIServerMetaStateBroadcast GIPCRMIServerMetaStateNoBroadcast GIPCRMIStaticArguments GIPCRMITwoClientConnection GIPCRMITwoClientReadWriteNonAtomic , ,5,2,false, , , ,A5ExpectedSignatures-(0.0/5.0) , ,
18,Mon Apr 29 16:05:10 EDT 2024,5,0,Assignment5OneClientSuite,A5TaggedClassesDefined , ,A5AccessModifiersMatched A5ExpectedCalls A5ExpectedInterfaces A5ExpectedSignatures A5InterfaceAsType A5MnemonicNames A5NamedConstants A5NoCheckstyleWarnings A5PublicMethodsOverride A5SpuriousCalls GIPCRMIClientMetaStateBroadcast GIPCRMIClientMetaStateNoBroadcast GIPCRMIOneClientConnection GIPCRMIOneClientReadWriteNonAtomic GIPCRMIServerMetaStateBroadcast GIPCRMIServerMetaStateNoBroadcast GIPCRMIStaticArguments GIPCRMITwoClientConnection GIPCRMITwoClientReadWriteNonAtomic , ,5,3,true,GIPCRMIOneClientConnection GIPCRMIOneClientReadWriteNonAtomic GIPCRMIStaticArguments , , ,GIPCRMIOneClientConnection-(0.0/20.0) GIPCRMIOneClientReadWriteNonAtomic-(0.0/20.0) GIPCRMIStaticArguments-(0.0/20.0) , ,
18,Mon Apr 29 16:05:10 EDT 2024,5,0,Assignment5OneClientSuite,A5TaggedClassesDefined , ,A5AccessModifiersMatched A5ExpectedCalls A5ExpectedInterfaces A5ExpectedSignatures A5InterfaceAsType A5MnemonicNames A5NamedConstants A5NoCheckstyleWarnings A5PublicMethodsOverride A5SpuriousCalls GIPCRMIClientMetaStateBroadcast GIPCRMIClientMetaStateNoBroadcast GIPCRMIOneClientConnection GIPCRMIOneClientReadWriteNonAtomic GIPCRMIServerMetaStateBroadcast GIPCRMIServerMetaStateNoBroadcast GIPCRMIStaticArguments GIPCRMITwoClientConnection GIPCRMITwoClientReadWriteNonAtomic , ,5,3,true,GIPCRMIOneClientConnection GIPCRMIOneClientReadWriteNonAtomic GIPCRMIStaticArguments , , ,GIPCRMIOneClientConnection-(0.0/20.0) GIPCRMIOneClientReadWriteNonAtomic-(0.0/20.0) GIPCRMIStaticArguments-(0.0/20.0) , ,
19,Mon Apr 29 16:28:51 EDT 2024,5,0,A5SpecificStyleSuite,A5TaggedClassesDefined , ,A5AccessModifiersMatched A5ExpectedCalls A5ExpectedInterfaces A5ExpectedSignatures A5InterfaceAsType A5MnemonicNames A5NamedConstants A5NoCheckstyleWarnings A5PublicMethodsOverride A5SpuriousCalls GIPCRMIClientMetaStateBroadcast GIPCRMIClientMetaStateNoBroadcast GIPCRMIOneClientConnection GIPCRMIOneClientReadWriteNonAtomic GIPCRMIServerMetaStateBroadcast GIPCRMIServerMetaStateNoBroadcast GIPCRMIStaticArguments GIPCRMITwoClientConnection GIPCRMITwoClientReadWriteNonAtomic , ,6,0,true,A5ExpectedCalls A5ExpectedInterfaces A5ExpectedSignatures A5SpuriousCalls A5TaggedClassesDefined , , ,A5ExpectedCalls-(0.0/20.0) A5ExpectedInterfaces-(0.0/5.0) A5ExpectedSignatures-(0.0/5.0) A5SpuriousCalls-(0.0/20.0) A5TaggedClassesDefined-(10.0/10.0) , ,
19,Mon Apr 29 16:28:51 EDT 2024,5,0,A5SpecificStyleSuite,A5TaggedClassesDefined , ,A5AccessModifiersMatched A5ExpectedCalls A5ExpectedInterfaces A5ExpectedSignatures A5InterfaceAsType A5MnemonicNames A5NamedConstants A5NoCheckstyleWarnings A5PublicMethodsOverride A5SpuriousCalls GIPCRMIClientMetaStateBroadcast GIPCRMIClientMetaStateNoBroadcast GIPCRMIOneClientConnection GIPCRMIOneClientReadWriteNonAtomic GIPCRMIServerMetaStateBroadcast GIPCRMIServerMetaStateNoBroadcast GIPCRMIStaticArguments GIPCRMITwoClientConnection GIPCRMITwoClientReadWriteNonAtomic , ,6,0,true,A5ExpectedCalls A5ExpectedInterfaces A5ExpectedSignatures A5SpuriousCalls A5TaggedClassesDefined , , ,A5ExpectedCalls-(0.0/20.0) A5ExpectedInterfaces-(0.0/5.0) A5ExpectedSignatures-(0.0/5.0) A5SpuriousCalls-(0.0/20.0) A5TaggedClassesDefined-(10.0/10.0) , ,
20,Mon Apr 29 16:29:03 EDT 2024,5,0,Assignment5OneClientSuite,A5TaggedClassesDefined , ,A5AccessModifiersMatched A5ExpectedCalls A5ExpectedInterfaces A5ExpectedSignatures A5InterfaceAsType A5MnemonicNames A5NamedConstants A5NoCheckstyleWarnings A5PublicMethodsOverride A5SpuriousCalls GIPCRMIClientMetaStateBroadcast GIPCRMIClientMetaStateNoBroadcast GIPCRMIOneClientConnection GIPCRMIOneClientReadWriteNonAtomic GIPCRMIServerMetaStateBroadcast GIPCRMIServerMetaStateNoBroadcast GIPCRMIStaticArguments GIPCRMITwoClientConnection GIPCRMITwoClientReadWriteNonAtomic , ,6,1,true,GIPCRMIOneClientConnection GIPCRMIOneClientReadWriteNonAtomic GIPCRMIStaticArguments , , ,GIPCRMIOneClientConnection-(0.0/20.0) GIPCRMIOneClientReadWriteNonAtomic-(0.0/20.0) GIPCRMIStaticArguments-(0.0/20.0) , ,
20,Mon Apr 29 16:29:03 EDT 2024,5,0,Assignment5OneClientSuite,A5TaggedClassesDefined , ,A5AccessModifiersMatched A5ExpectedCalls A5ExpectedInterfaces A5ExpectedSignatures A5InterfaceAsType A5MnemonicNames A5NamedConstants A5NoCheckstyleWarnings A5PublicMethodsOverride A5SpuriousCalls GIPCRMIClientMetaStateBroadcast GIPCRMIClientMetaStateNoBroadcast GIPCRMIOneClientConnection GIPCRMIOneClientReadWriteNonAtomic GIPCRMIServerMetaStateBroadcast GIPCRMIServerMetaStateNoBroadcast GIPCRMIStaticArguments GIPCRMITwoClientConnection GIPCRMITwoClientReadWriteNonAtomic , ,6,1,true,GIPCRMIOneClientConnection GIPCRMIOneClientReadWriteNonAtomic GIPCRMIStaticArguments , , ,GIPCRMIOneClientConnection-(0.0/20.0) GIPCRMIOneClientReadWriteNonAtomic-(0.0/20.0) GIPCRMIStaticArguments-(0.0/20.0) , ,
21,Mon Apr 29 16:30:29 EDT 2024,5,0,Assignment5OneClientSuite,A5TaggedClassesDefined , ,A5AccessModifiersMatched A5ExpectedCalls A5ExpectedInterfaces A5ExpectedSignatures A5InterfaceAsType A5MnemonicNames A5NamedConstants A5NoCheckstyleWarnings A5PublicMethodsOverride A5SpuriousCalls GIPCRMIClientMetaStateBroadcast GIPCRMIClientMetaStateNoBroadcast GIPCRMIOneClientConnection GIPCRMIOneClientReadWriteNonAtomic GIPCRMIServerMetaStateBroadcast GIPCRMIServerMetaStateNoBroadcast GIPCRMIStaticArguments GIPCRMITwoClientConnection GIPCRMITwoClientReadWriteNonAtomic , ,7,0,true,GIPCRMIOneClientConnection GIPCRMIOneClientReadWriteNonAtomic GIPCRMIStaticArguments , , ,GIPCRMIOneClientConnection-(0.0/20.0) GIPCRMIOneClientReadWriteNonAtomic-(0.0/20.0) GIPCRMIStaticArguments-(0.0/20.0) , ,
21,Mon Apr 29 16:30:29 EDT 2024,5,0,Assignment5OneClientSuite,A5TaggedClassesDefined , ,A5AccessModifiersMatched A5ExpectedCalls A5ExpectedInterfaces A5ExpectedSignatures A5InterfaceAsType A5MnemonicNames A5NamedConstants A5NoCheckstyleWarnings A5PublicMethodsOverride A5SpuriousCalls GIPCRMIClientMetaStateBroadcast GIPCRMIClientMetaStateNoBroadcast GIPCRMIOneClientConnection GIPCRMIOneClientReadWriteNonAtomic GIPCRMIServerMetaStateBroadcast GIPCRMIServerMetaStateNoBroadcast GIPCRMIStaticArguments GIPCRMITwoClientConnection GIPCRMITwoClientReadWriteNonAtomic , ,7,0,true,GIPCRMIOneClientConnection GIPCRMIOneClientReadWriteNonAtomic GIPCRMIStaticArguments , , ,GIPCRMIOneClientConnection-(0.0/20.0) GIPCRMIOneClientReadWriteNonAtomic-(0.0/20.0) GIPCRMIStaticArguments-(0.0/20.0) , ,
22,Mon Apr 29 16:31:23 EDT 2024,5,0,Assignment5OneClientSuite,A5TaggedClassesDefined , ,A5AccessModifiersMatched A5ExpectedCalls A5ExpectedInterfaces A5ExpectedSignatures A5InterfaceAsType A5MnemonicNames A5NamedConstants A5NoCheckstyleWarnings A5PublicMethodsOverride A5SpuriousCalls GIPCRMIClientMetaStateBroadcast GIPCRMIClientMetaStateNoBroadcast GIPCRMIOneClientConnection GIPCRMIOneClientReadWriteNonAtomic GIPCRMIServerMetaStateBroadcast GIPCRMIServerMetaStateNoBroadcast GIPCRMIStaticArguments GIPCRMITwoClientConnection GIPCRMITwoClientReadWriteNonAtomic , ,8,0,true,GIPCRMIOneClientConnection GIPCRMIOneClientReadWriteNonAtomic GIPCRMIStaticArguments , , ,GIPCRMIOneClientConnection-(0.0/20.0) GIPCRMIOneClientReadWriteNonAtomic-(0.0/20.0) GIPCRMIStaticArguments-(0.0/20.0) , ,
22,Mon Apr 29 16:31:23 EDT 2024,5,0,Assignment5OneClientSuite,A5TaggedClassesDefined , ,A5AccessModifiersMatched A5ExpectedCalls A5ExpectedInterfaces A5ExpectedSignatures A5InterfaceAsType A5MnemonicNames A5NamedConstants A5NoCheckstyleWarnings A5PublicMethodsOverride A5SpuriousCalls GIPCRMIClientMetaStateBroadcast GIPCRMIClientMetaStateNoBroadcast GIPCRMIOneClientConnection GIPCRMIOneClientReadWriteNonAtomic GIPCRMIServerMetaStateBroadcast GIPCRMIServerMetaStateNoBroadcast GIPCRMIStaticArguments GIPCRMITwoClientConnection GIPCRMITwoClientReadWriteNonAtomic , ,8,0,true,GIPCRMIOneClientConnection GIPCRMIOneClientReadWriteNonAtomic GIPCRMIStaticArguments , , ,GIPCRMIOneClientConnection-(0.0/20.0) GIPCRMIOneClientReadWriteNonAtomic-(0.0/20.0) GIPCRMIStaticArguments-(0.0/20.0) , ,
23,Mon Apr 29 16:46:47 EDT 2024,5,0,A5SpecificStyleSuite,A5TaggedClassesDefined , ,A5AccessModifiersMatched A5ExpectedCalls A5ExpectedInterfaces A5ExpectedSignatures A5InterfaceAsType A5MnemonicNames A5NamedConstants A5NoCheckstyleWarnings A5PublicMethodsOverride A5SpuriousCalls GIPCRMIClientMetaStateBroadcast GIPCRMIClientMetaStateNoBroadcast GIPCRMIOneClientConnection GIPCRMIOneClientReadWriteNonAtomic GIPCRMIServerMetaStateBroadcast GIPCRMIServerMetaStateNoBroadcast GIPCRMIStaticArguments GIPCRMITwoClientConnection GIPCRMITwoClientReadWriteNonAtomic , ,9,0,true,A5ExpectedCalls A5ExpectedInterfaces A5ExpectedSignatures A5SpuriousCalls A5TaggedClassesDefined , , ,A5ExpectedCalls-(0.0/20.0) A5ExpectedInterfaces-(0.0/5.0) A5ExpectedSignatures-(0.0/5.0) A5SpuriousCalls-(0.0/20.0) A5TaggedClassesDefined-(10.0/10.0) , ,
23,Mon Apr 29 16:46:47 EDT 2024,5,0,A5SpecificStyleSuite,A5TaggedClassesDefined , ,A5AccessModifiersMatched A5ExpectedCalls A5ExpectedInterfaces A5ExpectedSignatures A5InterfaceAsType A5MnemonicNames A5NamedConstants A5NoCheckstyleWarnings A5PublicMethodsOverride A5SpuriousCalls GIPCRMIClientMetaStateBroadcast GIPCRMIClientMetaStateNoBroadcast GIPCRMIOneClientConnection GIPCRMIOneClientReadWriteNonAtomic GIPCRMIServerMetaStateBroadcast GIPCRMIServerMetaStateNoBroadcast GIPCRMIStaticArguments GIPCRMITwoClientConnection GIPCRMITwoClientReadWriteNonAtomic , ,9,0,true,A5ExpectedCalls A5ExpectedInterfaces A5ExpectedSignatures A5SpuriousCalls A5TaggedClassesDefined , , ,A5ExpectedCalls-(0.0/20.0) A5ExpectedInterfaces-(0.0/5.0) A5ExpectedSignatures-(0.0/5.0) A5SpuriousCalls-(0.0/20.0) A5TaggedClassesDefined-(10.0/10.0) , ,
24,Mon Apr 29 16:49:11 EDT 2024,5,0,Assignment5OneClientSuite,A5TaggedClassesDefined ,GIPCRMIStaticArguments+ ,A5AccessModifiersMatched A5ExpectedCalls A5ExpectedInterfaces A5ExpectedSignatures A5InterfaceAsType A5MnemonicNames A5NamedConstants A5NoCheckstyleWarnings A5PublicMethodsOverride A5SpuriousCalls GIPCRMIClientMetaStateBroadcast GIPCRMIClientMetaStateNoBroadcast GIPCRMIOneClientConnection GIPCRMIOneClientReadWriteNonAtomic GIPCRMIServerMetaStateBroadcast GIPCRMIServerMetaStateNoBroadcast GIPCRMITwoClientConnection GIPCRMITwoClientReadWriteNonAtomic , ,9,1,true,GIPCRMIOneClientConnection GIPCRMIOneClientReadWriteNonAtomic GIPCRMIStaticArguments , , ,GIPCRMIOneClientConnection-(0.0/20.0) GIPCRMIOneClientReadWriteNonAtomic-(0.0/20.0) GIPCRMIStaticArguments-(17.5/20.0) , ,
24,Mon Apr 29 16:49:11 EDT 2024,5,0,Assignment5OneClientSuite,A5TaggedClassesDefined ,GIPCRMIStaticArguments+ ,A5AccessModifiersMatched A5ExpectedCalls A5ExpectedInterfaces A5ExpectedSignatures A5InterfaceAsType A5MnemonicNames A5NamedConstants A5NoCheckstyleWarnings A5PublicMethodsOverride A5SpuriousCalls GIPCRMIClientMetaStateBroadcast GIPCRMIClientMetaStateNoBroadcast GIPCRMIOneClientConnection GIPCRMIOneClientReadWriteNonAtomic GIPCRMIServerMetaStateBroadcast GIPCRMIServerMetaStateNoBroadcast GIPCRMITwoClientConnection GIPCRMITwoClientReadWriteNonAtomic , ,9,1,true,GIPCRMIOneClientConnection GIPCRMIOneClientReadWriteNonAtomic GIPCRMIStaticArguments , , ,GIPCRMIOneClientConnection-(0.0/20.0) GIPCRMIOneClientReadWriteNonAtomic-(0.0/20.0) GIPCRMIStaticArguments-(17.5/20.0) , ,
25,Mon Apr 29 16:49:18 EDT 2024,5,0,Assignment5OneClientSuite,A5TaggedClassesDefined ,GIPCRMIStaticArguments ,A5AccessModifiersMatched A5ExpectedCalls A5ExpectedInterfaces A5ExpectedSignatures A5InterfaceAsType A5MnemonicNames A5NamedConstants A5NoCheckstyleWarnings A5PublicMethodsOverride A5SpuriousCalls GIPCRMIClientMetaStateBroadcast GIPCRMIClientMetaStateNoBroadcast GIPCRMIOneClientConnection GIPCRMIOneClientReadWriteNonAtomic GIPCRMIServerMetaStateBroadcast GIPCRMIServerMetaStateNoBroadcast GIPCRMITwoClientConnection GIPCRMITwoClientReadWriteNonAtomic , ,9,2,true,GIPCRMIOneClientConnection GIPCRMIOneClientReadWriteNonAtomic GIPCRMIStaticArguments , , ,GIPCRMIOneClientConnection-(0.0/20.0) GIPCRMIOneClientReadWriteNonAtomic-(0.0/20.0) GIPCRMIStaticArguments-(17.5/20.0) , ,
25,Mon Apr 29 16:49:18 EDT 2024,5,0,Assignment5OneClientSuite,A5TaggedClassesDefined ,GIPCRMIStaticArguments ,A5AccessModifiersMatched A5ExpectedCalls A5ExpectedInterfaces A5ExpectedSignatures A5InterfaceAsType A5MnemonicNames A5NamedConstants A5NoCheckstyleWarnings A5PublicMethodsOverride A5SpuriousCalls GIPCRMIClientMetaStateBroadcast GIPCRMIClientMetaStateNoBroadcast GIPCRMIOneClientConnection GIPCRMIOneClientReadWriteNonAtomic GIPCRMIServerMetaStateBroadcast GIPCRMIServerMetaStateNoBroadcast GIPCRMITwoClientConnection GIPCRMITwoClientReadWriteNonAtomic , ,9,2,true,GIPCRMIOneClientConnection GIPCRMIOneClientReadWriteNonAtomic GIPCRMIStaticArguments , , ,GIPCRMIOneClientConnection-(0.0/20.0) GIPCRMIOneClientReadWriteNonAtomic-(0.0/20.0) GIPCRMIStaticArguments-(17.5/20.0) , ,
26,Mon Apr 29 17:00:48 EDT 2024,5,0,Assignment5TwoClientSuite,A5TaggedClassesDefined ,GIPCRMIStaticArguments ,A5AccessModifiersMatched A5ExpectedCalls A5ExpectedInterfaces A5ExpectedSignatures A5InterfaceAsType A5MnemonicNames A5NamedConstants A5NoCheckstyleWarnings A5PublicMethodsOverride A5SpuriousCalls GIPCRMIClientMetaStateBroadcast GIPCRMIClientMetaStateNoBroadcast GIPCRMIOneClientConnection GIPCRMIOneClientReadWriteNonAtomic GIPCRMIServerMetaStateBroadcast GIPCRMIServerMetaStateNoBroadcast GIPCRMITwoClientConnection GIPCRMITwoClientReadWriteNonAtomic , ,9,3,true,GIPCRMIClientMetaStateBroadcast GIPCRMIClientMetaStateNoBroadcast GIPCRMIServerMetaStateBroadcast GIPCRMIServerMetaStateNoBroadcast GIPCRMITwoClientConnection GIPCRMITwoClientReadWriteNonAtomic , ,GIPCRMIServerMetaStateBroadcast GIPCRMIServerMetaStateNoBroadcast ,GIPCRMIClientMetaStateBroadcast-(0.0/20.0) GIPCRMIClientMetaStateNoBroadcast-(0.0/20.0) GIPCRMIServerMetaStateBroadcast-(0.0/20.0) GIPCRMIServerMetaStateNoBroadcast-(0.0/20.0) GIPCRMITwoClientConnection-(0.0/20.0) GIPCRMITwoClientReadWriteNonAtomic-(0.0/20.0) , ,
26,Mon Apr 29 17:00:48 EDT 2024,5,0,Assignment5TwoClientSuite,A5TaggedClassesDefined ,GIPCRMIStaticArguments ,A5AccessModifiersMatched A5ExpectedCalls A5ExpectedInterfaces A5ExpectedSignatures A5InterfaceAsType A5MnemonicNames A5NamedConstants A5NoCheckstyleWarnings A5PublicMethodsOverride A5SpuriousCalls GIPCRMIClientMetaStateBroadcast GIPCRMIClientMetaStateNoBroadcast GIPCRMIOneClientConnection GIPCRMIOneClientReadWriteNonAtomic GIPCRMIServerMetaStateBroadcast GIPCRMIServerMetaStateNoBroadcast GIPCRMITwoClientConnection GIPCRMITwoClientReadWriteNonAtomic , ,9,3,true,GIPCRMIClientMetaStateBroadcast GIPCRMIClientMetaStateNoBroadcast GIPCRMIServerMetaStateBroadcast GIPCRMIServerMetaStateNoBroadcast GIPCRMITwoClientConnection GIPCRMITwoClientReadWriteNonAtomic , ,GIPCRMIServerMetaStateBroadcast GIPCRMIServerMetaStateNoBroadcast ,GIPCRMIClientMetaStateBroadcast-(0.0/20.0) GIPCRMIClientMetaStateNoBroadcast-(0.0/20.0) GIPCRMIServerMetaStateBroadcast-(0.0/20.0) GIPCRMIServerMetaStateNoBroadcast-(0.0/20.0) GIPCRMITwoClientConnection-(0.0/20.0) GIPCRMITwoClientReadWriteNonAtomic-(0.0/20.0) , ,
27,Mon Apr 29 18:04:45 EDT 2024,5,0,Assignment5OneClientSuite,A5TaggedClassesDefined ,GIPCRMIStaticArguments ,A5AccessModifiersMatched A5ExpectedCalls A5ExpectedInterfaces A5ExpectedSignatures A5InterfaceAsType A5MnemonicNames A5NamedConstants A5NoCheckstyleWarnings A5PublicMethodsOverride A5SpuriousCalls GIPCRMIClientMetaStateBroadcast GIPCRMIClientMetaStateNoBroadcast GIPCRMIOneClientConnection GIPCRMIOneClientReadWriteNonAtomic GIPCRMIServerMetaStateBroadcast GIPCRMIServerMetaStateNoBroadcast GIPCRMITwoClientConnection GIPCRMITwoClientReadWriteNonAtomic , ,10,0,true,GIPCRMIOneClientConnection GIPCRMIOneClientReadWriteNonAtomic GIPCRMIStaticArguments , , ,GIPCRMIOneClientConnection-(0.0/20.0) GIPCRMIOneClientReadWriteNonAtomic-(0.0/20.0) GIPCRMIStaticArguments-(17.5/20.0) , ,
27,Mon Apr 29 18:04:45 EDT 2024,5,0,Assignment5OneClientSuite,A5TaggedClassesDefined ,GIPCRMIStaticArguments ,A5AccessModifiersMatched A5ExpectedCalls A5ExpectedInterfaces A5ExpectedSignatures A5InterfaceAsType A5MnemonicNames A5NamedConstants A5NoCheckstyleWarnings A5PublicMethodsOverride A5SpuriousCalls GIPCRMIClientMetaStateBroadcast GIPCRMIClientMetaStateNoBroadcast GIPCRMIOneClientConnection GIPCRMIOneClientReadWriteNonAtomic GIPCRMIServerMetaStateBroadcast GIPCRMIServerMetaStateNoBroadcast GIPCRMITwoClientConnection GIPCRMITwoClientReadWriteNonAtomic , ,10,0,true,GIPCRMIOneClientConnection GIPCRMIOneClientReadWriteNonAtomic GIPCRMIStaticArguments , , ,GIPCRMIOneClientConnection-(0.0/20.0) GIPCRMIOneClientReadWriteNonAtomic-(0.0/20.0) GIPCRMIStaticArguments-(17.5/20.0) , ,
28,Mon Apr 29 18:19:46 EDT 2024,10,5,Assignment5OneClientSuite,A5TaggedClassesDefined GIPCRMIOneClientConnection+ ,GIPCRMIOneClientReadWriteNonAtomic+ GIPCRMIStaticArguments ,A5AccessModifiersMatched A5ExpectedCalls A5ExpectedInterfaces A5ExpectedSignatures A5InterfaceAsType A5MnemonicNames A5NamedConstants A5NoCheckstyleWarnings A5PublicMethodsOverride A5SpuriousCalls GIPCRMIClientMetaStateBroadcast GIPCRMIClientMetaStateNoBroadcast GIPCRMIServerMetaStateBroadcast GIPCRMIServerMetaStateNoBroadcast GIPCRMITwoClientConnection GIPCRMITwoClientReadWriteNonAtomic , ,11,0,true,GIPCRMIOneClientConnection GIPCRMIOneClientReadWriteNonAtomic GIPCRMIStaticArguments , , ,GIPCRMIOneClientConnection-(20.0/20.0) GIPCRMIOneClientReadWriteNonAtomic-(15.0/20.0) GIPCRMIStaticArguments-(17.5/20.0) , ,
28,Mon Apr 29 18:19:46 EDT 2024,10,5,Assignment5OneClientSuite,A5TaggedClassesDefined GIPCRMIOneClientConnection+ ,GIPCRMIOneClientReadWriteNonAtomic+ GIPCRMIStaticArguments ,A5AccessModifiersMatched A5ExpectedCalls A5ExpectedInterfaces A5ExpectedSignatures A5InterfaceAsType A5MnemonicNames A5NamedConstants A5NoCheckstyleWarnings A5PublicMethodsOverride A5SpuriousCalls GIPCRMIClientMetaStateBroadcast GIPCRMIClientMetaStateNoBroadcast GIPCRMIServerMetaStateBroadcast GIPCRMIServerMetaStateNoBroadcast GIPCRMITwoClientConnection GIPCRMITwoClientReadWriteNonAtomic , ,11,0,true,GIPCRMIOneClientConnection GIPCRMIOneClientReadWriteNonAtomic GIPCRMIStaticArguments , , ,GIPCRMIOneClientConnection-(20.0/20.0) GIPCRMIOneClientReadWriteNonAtomic-(15.0/20.0) GIPCRMIStaticArguments-(17.5/20.0) , ,
29,Mon Apr 29 18:31:55 EDT 2024,15,5,Assignment5TwoClientSuite,A5TaggedClassesDefined GIPCRMIOneClientConnection GIPCRMITwoClientConnection+ ,GIPCRMIOneClientReadWriteNonAtomic GIPCRMIStaticArguments GIPCRMITwoClientReadWriteNonAtomic+ ,A5AccessModifiersMatched A5ExpectedCalls A5ExpectedInterfaces A5ExpectedSignatures A5InterfaceAsType A5MnemonicNames A5NamedConstants A5NoCheckstyleWarnings A5PublicMethodsOverride A5SpuriousCalls GIPCRMIClientMetaStateBroadcast GIPCRMIClientMetaStateNoBroadcast GIPCRMIServerMetaStateBroadcast GIPCRMIServerMetaStateNoBroadcast , ,11,1,true,GIPCRMIClientMetaStateBroadcast GIPCRMIClientMetaStateNoBroadcast GIPCRMIServerMetaStateBroadcast GIPCRMIServerMetaStateNoBroadcast GIPCRMITwoClientConnection GIPCRMITwoClientReadWriteNonAtomic , ,GIPCRMIServerMetaStateBroadcast GIPCRMIServerMetaStateNoBroadcast ,GIPCRMIClientMetaStateBroadcast-(0.0/20.0) GIPCRMIClientMetaStateNoBroadcast-(0.0/20.0) GIPCRMIServerMetaStateBroadcast-(0.0/20.0) GIPCRMIServerMetaStateNoBroadcast-(0.0/20.0) GIPCRMITwoClientConnection-(20.0/20.0) GIPCRMITwoClientReadWriteNonAtomic-(17.5/20.0) , ,
29,Mon Apr 29 18:31:55 EDT 2024,15,5,Assignment5TwoClientSuite,A5TaggedClassesDefined GIPCRMIOneClientConnection GIPCRMITwoClientConnection+ ,GIPCRMIOneClientReadWriteNonAtomic GIPCRMIStaticArguments GIPCRMITwoClientReadWriteNonAtomic+ ,A5AccessModifiersMatched A5ExpectedCalls A5ExpectedInterfaces A5ExpectedSignatures A5InterfaceAsType A5MnemonicNames A5NamedConstants A5NoCheckstyleWarnings A5PublicMethodsOverride A5SpuriousCalls GIPCRMIClientMetaStateBroadcast GIPCRMIClientMetaStateNoBroadcast GIPCRMIServerMetaStateBroadcast GIPCRMIServerMetaStateNoBroadcast , ,11,1,true,GIPCRMIClientMetaStateBroadcast GIPCRMIClientMetaStateNoBroadcast GIPCRMIServerMetaStateBroadcast GIPCRMIServerMetaStateNoBroadcast GIPCRMITwoClientConnection GIPCRMITwoClientReadWriteNonAtomic , ,GIPCRMIServerMetaStateBroadcast GIPCRMIServerMetaStateNoBroadcast ,GIPCRMIClientMetaStateBroadcast-(0.0/20.0) GIPCRMIClientMetaStateNoBroadcast-(0.0/20.0) GIPCRMIServerMetaStateBroadcast-(0.0/20.0) GIPCRMIServerMetaStateNoBroadcast-(0.0/20.0) GIPCRMITwoClientConnection-(20.0/20.0) GIPCRMITwoClientReadWriteNonAtomic-(17.5/20.0) , ,
30,Mon Apr 29 18:33:19 EDT 2024,15,0,Assignment5TwoClientSuite,A5TaggedClassesDefined GIPCRMIOneClientConnection GIPCRMITwoClientConnection ,GIPCRMIOneClientReadWriteNonAtomic GIPCRMIStaticArguments GIPCRMITwoClientReadWriteNonAtomic ,A5AccessModifiersMatched A5ExpectedCalls A5ExpectedInterfaces A5ExpectedSignatures A5InterfaceAsType A5MnemonicNames A5NamedConstants A5NoCheckstyleWarnings A5PublicMethodsOverride A5SpuriousCalls GIPCRMIClientMetaStateBroadcast GIPCRMIClientMetaStateNoBroadcast GIPCRMIServerMetaStateBroadcast GIPCRMIServerMetaStateNoBroadcast , ,11,2,true,GIPCRMIClientMetaStateBroadcast GIPCRMIClientMetaStateNoBroadcast GIPCRMIServerMetaStateBroadcast GIPCRMIServerMetaStateNoBroadcast GIPCRMITwoClientConnection GIPCRMITwoClientReadWriteNonAtomic , ,GIPCRMIServerMetaStateBroadcast GIPCRMIServerMetaStateNoBroadcast ,GIPCRMIClientMetaStateBroadcast-(0.0/20.0) GIPCRMIClientMetaStateNoBroadcast-(0.0/20.0) GIPCRMIServerMetaStateBroadcast-(0.0/20.0) GIPCRMIServerMetaStateNoBroadcast-(0.0/20.0) GIPCRMITwoClientConnection-(20.0/20.0) GIPCRMITwoClientReadWriteNonAtomic-(17.5/20.0) , ,
30,Mon Apr 29 18:33:19 EDT 2024,15,0,Assignment5TwoClientSuite,A5TaggedClassesDefined GIPCRMIOneClientConnection GIPCRMITwoClientConnection ,GIPCRMIOneClientReadWriteNonAtomic GIPCRMIStaticArguments GIPCRMITwoClientReadWriteNonAtomic ,A5AccessModifiersMatched A5ExpectedCalls A5ExpectedInterfaces A5ExpectedSignatures A5InterfaceAsType A5MnemonicNames A5NamedConstants A5NoCheckstyleWarnings A5PublicMethodsOverride A5SpuriousCalls GIPCRMIClientMetaStateBroadcast GIPCRMIClientMetaStateNoBroadcast GIPCRMIServerMetaStateBroadcast GIPCRMIServerMetaStateNoBroadcast , ,11,2,true,GIPCRMIClientMetaStateBroadcast GIPCRMIClientMetaStateNoBroadcast GIPCRMIServerMetaStateBroadcast GIPCRMIServerMetaStateNoBroadcast GIPCRMITwoClientConnection GIPCRMITwoClientReadWriteNonAtomic , ,GIPCRMIServerMetaStateBroadcast GIPCRMIServerMetaStateNoBroadcast ,GIPCRMIClientMetaStateBroadcast-(0.0/20.0) GIPCRMIClientMetaStateNoBroadcast-(0.0/20.0) GIPCRMIServerMetaStateBroadcast-(0.0/20.0) GIPCRMIServerMetaStateNoBroadcast-(0.0/20.0) GIPCRMITwoClientConnection-(20.0/20.0) GIPCRMITwoClientReadWriteNonAtomic-(17.5/20.0) , ,
31,Mon Apr 29 18:33:21 EDT 2024,15,0,Assignment5TwoClientSuite,A5TaggedClassesDefined GIPCRMIOneClientConnection GIPCRMITwoClientConnection ,GIPCRMIOneClientReadWriteNonAtomic GIPCRMIStaticArguments GIPCRMITwoClientReadWriteNonAtomic ,A5AccessModifiersMatched A5ExpectedCalls A5ExpectedInterfaces A5ExpectedSignatures A5InterfaceAsType A5MnemonicNames A5NamedConstants A5NoCheckstyleWarnings A5PublicMethodsOverride A5SpuriousCalls GIPCRMIClientMetaStateBroadcast GIPCRMIClientMetaStateNoBroadcast GIPCRMIServerMetaStateBroadcast GIPCRMIServerMetaStateNoBroadcast , ,11,3,true,GIPCRMIClientMetaStateBroadcast GIPCRMIClientMetaStateNoBroadcast GIPCRMIServerMetaStateBroadcast GIPCRMIServerMetaStateNoBroadcast GIPCRMITwoClientConnection GIPCRMITwoClientReadWriteNonAtomic , ,GIPCRMIServerMetaStateBroadcast GIPCRMIServerMetaStateNoBroadcast ,GIPCRMIClientMetaStateBroadcast-(0.0/20.0) GIPCRMIClientMetaStateNoBroadcast-(0.0/20.0) GIPCRMIServerMetaStateBroadcast-(0.0/20.0) GIPCRMIServerMetaStateNoBroadcast-(0.0/20.0) GIPCRMITwoClientConnection-(20.0/20.0) GIPCRMITwoClientReadWriteNonAtomic-(17.5/20.0) , ,
31,Mon Apr 29 18:33:21 EDT 2024,15,0,Assignment5TwoClientSuite,A5TaggedClassesDefined GIPCRMIOneClientConnection GIPCRMITwoClientConnection ,GIPCRMIOneClientReadWriteNonAtomic GIPCRMIStaticArguments GIPCRMITwoClientReadWriteNonAtomic ,A5AccessModifiersMatched A5ExpectedCalls A5ExpectedInterfaces A5ExpectedSignatures A5InterfaceAsType A5MnemonicNames A5NamedConstants A5NoCheckstyleWarnings A5PublicMethodsOverride A5SpuriousCalls GIPCRMIClientMetaStateBroadcast GIPCRMIClientMetaStateNoBroadcast GIPCRMIServerMetaStateBroadcast GIPCRMIServerMetaStateNoBroadcast , ,11,3,true,GIPCRMIClientMetaStateBroadcast GIPCRMIClientMetaStateNoBroadcast GIPCRMIServerMetaStateBroadcast GIPCRMIServerMetaStateNoBroadcast GIPCRMITwoClientConnection GIPCRMITwoClientReadWriteNonAtomic , ,GIPCRMIServerMetaStateBroadcast GIPCRMIServerMetaStateNoBroadcast ,GIPCRMIClientMetaStateBroadcast-(0.0/20.0) GIPCRMIClientMetaStateNoBroadcast-(0.0/20.0) GIPCRMIServerMetaStateBroadcast-(0.0/20.0) GIPCRMIServerMetaStateNoBroadcast-(0.0/20.0) GIPCRMITwoClientConnection-(20.0/20.0) GIPCRMITwoClientReadWriteNonAtomic-(17.5/20.0) , ,
32,Tue Apr 30 01:41:28 EDT 2024,10,-5,Assignment5OneClientSuite,A5TaggedClassesDefined GIPCRMITwoClientConnection ,GIPCRMIStaticArguments GIPCRMITwoClientReadWriteNonAtomic ,A5AccessModifiersMatched A5ExpectedCalls A5ExpectedInterfaces A5ExpectedSignatures A5InterfaceAsType A5MnemonicNames A5NamedConstants A5NoCheckstyleWarnings A5PublicMethodsOverride A5SpuriousCalls GIPCRMIClientMetaStateBroadcast GIPCRMIClientMetaStateNoBroadcast GIPCRMIOneClientConnection- GIPCRMIOneClientReadWriteNonAtomic- GIPCRMIServerMetaStateBroadcast GIPCRMIServerMetaStateNoBroadcast , ,12,0,true,GIPCRMIOneClientConnection GIPCRMIOneClientReadWriteNonAtomic GIPCRMIStaticArguments , , ,GIPCRMIOneClientConnection-(0.0/20.0) GIPCRMIOneClientReadWriteNonAtomic-(0.0/20.0) GIPCRMIStaticArguments-(17.5/20.0) , ,
32,Tue Apr 30 01:41:28 EDT 2024,10,-5,Assignment5OneClientSuite,A5TaggedClassesDefined GIPCRMITwoClientConnection ,GIPCRMIStaticArguments GIPCRMITwoClientReadWriteNonAtomic ,A5AccessModifiersMatched A5ExpectedCalls A5ExpectedInterfaces A5ExpectedSignatures A5InterfaceAsType A5MnemonicNames A5NamedConstants A5NoCheckstyleWarnings A5PublicMethodsOverride A5SpuriousCalls GIPCRMIClientMetaStateBroadcast GIPCRMIClientMetaStateNoBroadcast GIPCRMIOneClientConnection- GIPCRMIOneClientReadWriteNonAtomic- GIPCRMIServerMetaStateBroadcast GIPCRMIServerMetaStateNoBroadcast , ,12,0,true,GIPCRMIOneClientConnection GIPCRMIOneClientReadWriteNonAtomic GIPCRMIStaticArguments , , ,GIPCRMIOneClientConnection-(0.0/20.0) GIPCRMIOneClientReadWriteNonAtomic-(0.0/20.0) GIPCRMIStaticArguments-(17.5/20.0) , ,
33,Tue Apr 30 01:44:51 EDT 2024,10,0,Assignment5OneClientSuite,A5TaggedClassesDefined GIPCRMITwoClientConnection ,GIPCRMIStaticArguments GIPCRMITwoClientReadWriteNonAtomic ,A5AccessModifiersMatched A5ExpectedCalls A5ExpectedInterfaces A5ExpectedSignatures A5InterfaceAsType A5MnemonicNames A5NamedConstants A5NoCheckstyleWarnings A5PublicMethodsOverride A5SpuriousCalls GIPCRMIClientMetaStateBroadcast GIPCRMIClientMetaStateNoBroadcast GIPCRMIOneClientConnection GIPCRMIOneClientReadWriteNonAtomic GIPCRMIServerMetaStateBroadcast GIPCRMIServerMetaStateNoBroadcast , ,13,0,true,GIPCRMIOneClientConnection GIPCRMIOneClientReadWriteNonAtomic GIPCRMIStaticArguments , , ,GIPCRMIOneClientConnection-(0.0/20.0) GIPCRMIOneClientReadWriteNonAtomic-(0.0/20.0) GIPCRMIStaticArguments-(17.5/20.0) , ,
33,Tue Apr 30 01:44:51 EDT 2024,10,0,Assignment5OneClientSuite,A5TaggedClassesDefined GIPCRMITwoClientConnection ,GIPCRMIStaticArguments GIPCRMITwoClientReadWriteNonAtomic ,A5AccessModifiersMatched A5ExpectedCalls A5ExpectedInterfaces A5ExpectedSignatures A5InterfaceAsType A5MnemonicNames A5NamedConstants A5NoCheckstyleWarnings A5PublicMethodsOverride A5SpuriousCalls GIPCRMIClientMetaStateBroadcast GIPCRMIClientMetaStateNoBroadcast GIPCRMIOneClientConnection GIPCRMIOneClientReadWriteNonAtomic GIPCRMIServerMetaStateBroadcast GIPCRMIServerMetaStateNoBroadcast , ,13,0,true,GIPCRMIOneClientConnection GIPCRMIOneClientReadWriteNonAtomic GIPCRMIStaticArguments , , ,GIPCRMIOneClientConnection-(0.0/20.0) GIPCRMIOneClientReadWriteNonAtomic-(0.0/20.0) GIPCRMIStaticArguments-(17.5/20.0) , ,
34,Tue Apr 30 01:53:58 EDT 2024,10,0,Assignment5OneClientSuite,A5TaggedClassesDefined GIPCRMITwoClientConnection ,GIPCRMIStaticArguments GIPCRMITwoClientReadWriteNonAtomic ,A5AccessModifiersMatched A5ExpectedCalls A5ExpectedInterfaces A5ExpectedSignatures A5InterfaceAsType A5MnemonicNames A5NamedConstants A5NoCheckstyleWarnings A5PublicMethodsOverride A5SpuriousCalls GIPCRMIClientMetaStateBroadcast GIPCRMIClientMetaStateNoBroadcast GIPCRMIOneClientConnection GIPCRMIOneClientReadWriteNonAtomic GIPCRMIServerMetaStateBroadcast GIPCRMIServerMetaStateNoBroadcast , ,14,0,true,GIPCRMIOneClientConnection GIPCRMIOneClientReadWriteNonAtomic GIPCRMIStaticArguments , , ,GIPCRMIOneClientConnection-(0.0/20.0) GIPCRMIOneClientReadWriteNonAtomic-(0.0/20.0) GIPCRMIStaticArguments-(17.5/20.0) , ,
34,Tue Apr 30 01:53:58 EDT 2024,10,0,Assignment5OneClientSuite,A5TaggedClassesDefined GIPCRMITwoClientConnection ,GIPCRMIStaticArguments GIPCRMITwoClientReadWriteNonAtomic ,A5AccessModifiersMatched A5ExpectedCalls A5ExpectedInterfaces A5ExpectedSignatures A5InterfaceAsType A5MnemonicNames A5NamedConstants A5NoCheckstyleWarnings A5PublicMethodsOverride A5SpuriousCalls GIPCRMIClientMetaStateBroadcast GIPCRMIClientMetaStateNoBroadcast GIPCRMIOneClientConnection GIPCRMIOneClientReadWriteNonAtomic GIPCRMIServerMetaStateBroadcast GIPCRMIServerMetaStateNoBroadcast , ,14,0,true,GIPCRMIOneClientConnection GIPCRMIOneClientReadWriteNonAtomic GIPCRMIStaticArguments , , ,GIPCRMIOneClientConnection-(0.0/20.0) GIPCRMIOneClientReadWriteNonAtomic-(0.0/20.0) GIPCRMIStaticArguments-(17.5/20.0) , ,
35,Tue Apr 30 02:02:43 EDT 2024,20,10,Assignment5OneClientSuite,A5TaggedClassesDefined GIPCRMIOneClientConnection+ GIPCRMIOneClientReadWriteNonAtomic+ GIPCRMITwoClientConnection ,GIPCRMIStaticArguments GIPCRMITwoClientReadWriteNonAtomic ,A5AccessModifiersMatched A5ExpectedCalls A5ExpectedInterfaces A5ExpectedSignatures A5InterfaceAsType A5MnemonicNames A5NamedConstants A5NoCheckstyleWarnings A5PublicMethodsOverride A5SpuriousCalls GIPCRMIClientMetaStateBroadcast GIPCRMIClientMetaStateNoBroadcast GIPCRMIServerMetaStateBroadcast GIPCRMIServerMetaStateNoBroadcast , ,15,0,true,GIPCRMIOneClientConnection GIPCRMIOneClientReadWriteNonAtomic GIPCRMIStaticArguments , , ,GIPCRMIOneClientConnection-(20.0/20.0) GIPCRMIOneClientReadWriteNonAtomic-(20.0/20.0) GIPCRMIStaticArguments-(17.5/20.0) , ,
35,Tue Apr 30 02:02:43 EDT 2024,20,10,Assignment5OneClientSuite,A5TaggedClassesDefined GIPCRMIOneClientConnection+ GIPCRMIOneClientReadWriteNonAtomic+ GIPCRMITwoClientConnection ,GIPCRMIStaticArguments GIPCRMITwoClientReadWriteNonAtomic ,A5AccessModifiersMatched A5ExpectedCalls A5ExpectedInterfaces A5ExpectedSignatures A5InterfaceAsType A5MnemonicNames A5NamedConstants A5NoCheckstyleWarnings A5PublicMethodsOverride A5SpuriousCalls GIPCRMIClientMetaStateBroadcast GIPCRMIClientMetaStateNoBroadcast GIPCRMIServerMetaStateBroadcast GIPCRMIServerMetaStateNoBroadcast , ,15,0,true,GIPCRMIOneClientConnection GIPCRMIOneClientReadWriteNonAtomic GIPCRMIStaticArguments , , ,GIPCRMIOneClientConnection-(20.0/20.0) GIPCRMIOneClientReadWriteNonAtomic-(20.0/20.0) GIPCRMIStaticArguments-(17.5/20.0) , ,
36,Tue Apr 30 02:07:49 EDT 2024,45,25,Assignment5TwoClientSuite,A5TaggedClassesDefined GIPCRMIClientMetaStateBroadcast+ GIPCRMIClientMetaStateNoBroadcast+ GIPCRMIOneClientConnection GIPCRMIOneClientReadWriteNonAtomic GIPCRMIServerMetaStateBroadcast+ GIPCRMIServerMetaStateNoBroadcast+ GIPCRMITwoClientConnection GIPCRMITwoClientReadWriteNonAtomic+ ,GIPCRMIStaticArguments ,A5AccessModifiersMatched A5ExpectedCalls A5ExpectedInterfaces A5ExpectedSignatures A5InterfaceAsType A5MnemonicNames A5NamedConstants A5NoCheckstyleWarnings A5PublicMethodsOverride A5SpuriousCalls , ,15,1,true,GIPCRMIClientMetaStateBroadcast GIPCRMIClientMetaStateNoBroadcast GIPCRMIServerMetaStateBroadcast GIPCRMIServerMetaStateNoBroadcast GIPCRMITwoClientConnection GIPCRMITwoClientReadWriteNonAtomic , ,GIPCRMIServerMetaStateBroadcast GIPCRMIServerMetaStateNoBroadcast ,GIPCRMIClientMetaStateBroadcast-(20.0/20.0) GIPCRMIClientMetaStateNoBroadcast-(20.0/20.0) GIPCRMIServerMetaStateBroadcast-(20.0/20.0) GIPCRMIServerMetaStateNoBroadcast-(20.0/20.0) GIPCRMITwoClientConnection-(20.0/20.0) GIPCRMITwoClientReadWriteNonAtomic-(20.0/20.0) , ,
36,Tue Apr 30 02:07:49 EDT 2024,45,25,Assignment5TwoClientSuite,A5TaggedClassesDefined GIPCRMIClientMetaStateBroadcast+ GIPCRMIClientMetaStateNoBroadcast+ GIPCRMIOneClientConnection GIPCRMIOneClientReadWriteNonAtomic GIPCRMIServerMetaStateBroadcast+ GIPCRMIServerMetaStateNoBroadcast+ GIPCRMITwoClientConnection GIPCRMITwoClientReadWriteNonAtomic+ ,GIPCRMIStaticArguments ,A5AccessModifiersMatched A5ExpectedCalls A5ExpectedInterfaces A5ExpectedSignatures A5InterfaceAsType A5MnemonicNames A5NamedConstants A5NoCheckstyleWarnings A5PublicMethodsOverride A5SpuriousCalls , ,15,1,true,GIPCRMIClientMetaStateBroadcast GIPCRMIClientMetaStateNoBroadcast GIPCRMIServerMetaStateBroadcast GIPCRMIServerMetaStateNoBroadcast GIPCRMITwoClientConnection GIPCRMITwoClientReadWriteNonAtomic , ,GIPCRMIServerMetaStateBroadcast GIPCRMIServerMetaStateNoBroadcast ,GIPCRMIClientMetaStateBroadcast-(20.0/20.0) GIPCRMIClientMetaStateNoBroadcast-(20.0/20.0) GIPCRMIServerMetaStateBroadcast-(20.0/20.0) GIPCRMIServerMetaStateNoBroadcast-(20.0/20.0) GIPCRMITwoClientConnection-(20.0/20.0) GIPCRMITwoClientReadWriteNonAtomic-(20.0/20.0) , ,
37,Tue Apr 30 02:09:24 EDT 2024,45,0,A5SpecificStyleSuite,A5TaggedClassesDefined GIPCRMIClientMetaStateBroadcast GIPCRMIClientMetaStateNoBroadcast GIPCRMIOneClientConnection GIPCRMIOneClientReadWriteNonAtomic GIPCRMIServerMetaStateBroadcast GIPCRMIServerMetaStateNoBroadcast GIPCRMITwoClientConnection GIPCRMITwoClientReadWriteNonAtomic ,GIPCRMIStaticArguments ,A5AccessModifiersMatched A5ExpectedCalls A5ExpectedInterfaces A5ExpectedSignatures A5InterfaceAsType A5MnemonicNames A5NamedConstants A5NoCheckstyleWarnings A5PublicMethodsOverride A5SpuriousCalls , ,15,2,true,A5ExpectedCalls A5ExpectedInterfaces A5ExpectedSignatures A5SpuriousCalls A5TaggedClassesDefined , , ,A5ExpectedCalls-(0.0/20.0) A5ExpectedInterfaces-(0.0/5.0) A5ExpectedSignatures-(0.0/5.0) A5SpuriousCalls-(0.0/20.0) A5TaggedClassesDefined-(10.0/10.0) , ,
37,Tue Apr 30 02:09:24 EDT 2024,45,0,A5SpecificStyleSuite,A5TaggedClassesDefined GIPCRMIClientMetaStateBroadcast GIPCRMIClientMetaStateNoBroadcast GIPCRMIOneClientConnection GIPCRMIOneClientReadWriteNonAtomic GIPCRMIServerMetaStateBroadcast GIPCRMIServerMetaStateNoBroadcast GIPCRMITwoClientConnection GIPCRMITwoClientReadWriteNonAtomic ,GIPCRMIStaticArguments ,A5AccessModifiersMatched A5ExpectedCalls A5ExpectedInterfaces A5ExpectedSignatures A5InterfaceAsType A5MnemonicNames A5NamedConstants A5NoCheckstyleWarnings A5PublicMethodsOverride A5SpuriousCalls , ,15,2,true,A5ExpectedCalls A5ExpectedInterfaces A5ExpectedSignatures A5SpuriousCalls A5TaggedClassesDefined , , ,A5ExpectedCalls-(0.0/20.0) A5ExpectedInterfaces-(0.0/5.0) A5ExpectedSignatures-(0.0/5.0) A5SpuriousCalls-(0.0/20.0) A5TaggedClassesDefined-(10.0/10.0) , ,
38,Tue Apr 30 02:09:27 EDT 2024,45,0,A5SpecificStyleSuite,A5TaggedClassesDefined GIPCRMIClientMetaStateBroadcast GIPCRMIClientMetaStateNoBroadcast GIPCRMIOneClientConnection GIPCRMIOneClientReadWriteNonAtomic GIPCRMIServerMetaStateBroadcast GIPCRMIServerMetaStateNoBroadcast GIPCRMITwoClientConnection GIPCRMITwoClientReadWriteNonAtomic ,GIPCRMIStaticArguments ,A5AccessModifiersMatched A5ExpectedCalls A5ExpectedInterfaces A5ExpectedSignatures A5InterfaceAsType A5MnemonicNames A5NamedConstants A5NoCheckstyleWarnings A5PublicMethodsOverride A5SpuriousCalls , ,15,3,true,A5ExpectedCalls A5ExpectedInterfaces A5ExpectedSignatures A5SpuriousCalls A5TaggedClassesDefined , , ,A5ExpectedCalls-(0.0/20.0) A5ExpectedInterfaces-(0.0/5.0) A5ExpectedSignatures-(0.0/5.0) A5SpuriousCalls-(0.0/20.0) A5TaggedClassesDefined-(10.0/10.0) , ,
38,Tue Apr 30 02:09:27 EDT 2024,45,0,A5SpecificStyleSuite,A5TaggedClassesDefined GIPCRMIClientMetaStateBroadcast GIPCRMIClientMetaStateNoBroadcast GIPCRMIOneClientConnection GIPCRMIOneClientReadWriteNonAtomic GIPCRMIServerMetaStateBroadcast GIPCRMIServerMetaStateNoBroadcast GIPCRMITwoClientConnection GIPCRMITwoClientReadWriteNonAtomic ,GIPCRMIStaticArguments ,A5AccessModifiersMatched A5ExpectedCalls A5ExpectedInterfaces A5ExpectedSignatures A5InterfaceAsType A5MnemonicNames A5NamedConstants A5NoCheckstyleWarnings A5PublicMethodsOverride A5SpuriousCalls , ,15,3,true,A5ExpectedCalls A5ExpectedInterfaces A5ExpectedSignatures A5SpuriousCalls A5TaggedClassesDefined , , ,A5ExpectedCalls-(0.0/20.0) A5ExpectedInterfaces-(0.0/5.0) A5ExpectedSignatures-(0.0/5.0) A5SpuriousCalls-(0.0/20.0) A5TaggedClassesDefined-(10.0/10.0) , ,
39,Tue Apr 30 02:09:28 EDT 2024,50,5,A5GeneralStyleSuite,A5NoCheckstyleWarnings+ A5TaggedClassesDefined GIPCRMIClientMetaStateBroadcast GIPCRMIClientMetaStateNoBroadcast GIPCRMIOneClientConnection GIPCRMIOneClientReadWriteNonAtomic GIPCRMIServerMetaStateBroadcast GIPCRMIServerMetaStateNoBroadcast GIPCRMITwoClientConnection GIPCRMITwoClientReadWriteNonAtomic ,GIPCRMIStaticArguments ,A5AccessModifiersMatched A5ExpectedCalls A5ExpectedInterfaces A5ExpectedSignatures A5InterfaceAsType A5MnemonicNames A5NamedConstants A5PublicMethodsOverride A5SpuriousCalls , ,15,4,true,A5AccessModifiersMatched A5InterfaceAsType A5MnemonicNames A5NamedConstants A5NoCheckstyleWarnings A5PublicMethodsOverride , ,A5AccessModifiersMatched A5MnemonicNames A5NoCheckstyleWarnings A5PublicMethodsOverride ,A5AccessModifiersMatched-(0.0/5.0) A5InterfaceAsType-(0.0/10.0) A5MnemonicNames-(0.0/10.0) A5NamedConstants-(0.0/1.0) A5NoCheckstyleWarnings-(10.0/10.0) A5PublicMethodsOverride-(0.0/5.0) , ,
39,Tue Apr 30 02:09:28 EDT 2024,50,5,A5GeneralStyleSuite,A5NoCheckstyleWarnings+ A5TaggedClassesDefined GIPCRMIClientMetaStateBroadcast GIPCRMIClientMetaStateNoBroadcast GIPCRMIOneClientConnection GIPCRMIOneClientReadWriteNonAtomic GIPCRMIServerMetaStateBroadcast GIPCRMIServerMetaStateNoBroadcast GIPCRMITwoClientConnection GIPCRMITwoClientReadWriteNonAtomic ,GIPCRMIStaticArguments ,A5AccessModifiersMatched A5ExpectedCalls A5ExpectedInterfaces A5ExpectedSignatures A5InterfaceAsType A5MnemonicNames A5NamedConstants A5PublicMethodsOverride A5SpuriousCalls , ,15,4,true,A5AccessModifiersMatched A5InterfaceAsType A5MnemonicNames A5NamedConstants A5NoCheckstyleWarnings A5PublicMethodsOverride , ,A5AccessModifiersMatched A5MnemonicNames A5NoCheckstyleWarnings A5PublicMethodsOverride ,A5AccessModifiersMatched-(0.0/5.0) A5InterfaceAsType-(0.0/10.0) A5MnemonicNames-(0.0/10.0) A5NamedConstants-(0.0/1.0) A5NoCheckstyleWarnings-(10.0/10.0) A5PublicMethodsOverride-(0.0/5.0) , ,
40,Tue Apr 30 02:15:31 EDT 2024,50,0,A5TaggedClassesDefined,A5NoCheckstyleWarnings A5TaggedClassesDefined GIPCRMIClientMetaStateBroadcast GIPCRMIClientMetaStateNoBroadcast GIPCRMIOneClientConnection GIPCRMIOneClientReadWriteNonAtomic GIPCRMIServerMetaStateBroadcast GIPCRMIServerMetaStateNoBroadcast GIPCRMITwoClientConnection GIPCRMITwoClientReadWriteNonAtomic ,GIPCRMIStaticArguments ,A5AccessModifiersMatched A5ExpectedCalls A5ExpectedInterfaces A5ExpectedSignatures A5InterfaceAsType A5MnemonicNames A5NamedConstants A5PublicMethodsOverride A5SpuriousCalls , ,15,5,false, , , ,A5TaggedClassesDefined-(10.0/10.0) , ,
40,Tue Apr 30 02:15:31 EDT 2024,50,0,A5TaggedClassesDefined,A5NoCheckstyleWarnings A5TaggedClassesDefined GIPCRMIClientMetaStateBroadcast GIPCRMIClientMetaStateNoBroadcast GIPCRMIOneClientConnection GIPCRMIOneClientReadWriteNonAtomic GIPCRMIServerMetaStateBroadcast GIPCRMIServerMetaStateNoBroadcast GIPCRMITwoClientConnection GIPCRMITwoClientReadWriteNonAtomic ,GIPCRMIStaticArguments ,A5AccessModifiersMatched A5ExpectedCalls A5ExpectedInterfaces A5ExpectedSignatures A5InterfaceAsType A5MnemonicNames A5NamedConstants A5PublicMethodsOverride A5SpuriousCalls , ,15,5,false, , , ,A5TaggedClassesDefined-(10.0/10.0) , ,
41,Tue Apr 30 02:17:35 EDT 2024,50,0,A5SpecificStyleSuite,A5NoCheckstyleWarnings A5TaggedClassesDefined GIPCRMIClientMetaStateBroadcast GIPCRMIClientMetaStateNoBroadcast GIPCRMIOneClientConnection GIPCRMIOneClientReadWriteNonAtomic GIPCRMIServerMetaStateBroadcast GIPCRMIServerMetaStateNoBroadcast GIPCRMITwoClientConnection GIPCRMITwoClientReadWriteNonAtomic ,GIPCRMIStaticArguments ,A5AccessModifiersMatched A5ExpectedCalls A5ExpectedInterfaces A5ExpectedSignatures A5InterfaceAsType A5MnemonicNames A5NamedConstants A5PublicMethodsOverride A5SpuriousCalls , ,16,0,true,A5ExpectedCalls A5ExpectedInterfaces A5ExpectedSignatures A5SpuriousCalls A5TaggedClassesDefined , , ,A5ExpectedCalls-(0.0/20.0) A5ExpectedInterfaces-(0.0/5.0) A5ExpectedSignatures-(0.0/5.0) A5SpuriousCalls-(0.0/20.0) A5TaggedClassesDefined-(10.0/10.0) , ,
41,Tue Apr 30 02:17:35 EDT 2024,50,0,A5SpecificStyleSuite,A5NoCheckstyleWarnings A5TaggedClassesDefined GIPCRMIClientMetaStateBroadcast GIPCRMIClientMetaStateNoBroadcast GIPCRMIOneClientConnection GIPCRMIOneClientReadWriteNonAtomic GIPCRMIServerMetaStateBroadcast GIPCRMIServerMetaStateNoBroadcast GIPCRMITwoClientConnection GIPCRMITwoClientReadWriteNonAtomic ,GIPCRMIStaticArguments ,A5AccessModifiersMatched A5ExpectedCalls A5ExpectedInterfaces A5ExpectedSignatures A5InterfaceAsType A5MnemonicNames A5NamedConstants A5PublicMethodsOverride A5SpuriousCalls , ,16,0,true,A5ExpectedCalls A5ExpectedInterfaces A5ExpectedSignatures A5SpuriousCalls A5TaggedClassesDefined , , ,A5ExpectedCalls-(0.0/20.0) A5ExpectedInterfaces-(0.0/5.0) A5ExpectedSignatures-(0.0/5.0) A5SpuriousCalls-(0.0/20.0) A5TaggedClassesDefined-(10.0/10.0) , ,
42,Tue Apr 30 02:19:52 EDT 2024,55,5,A5SpecificStyleSuite,A5ExpectedInterfaces+ A5NoCheckstyleWarnings A5SpuriousCalls+ GIPCRMIClientMetaStateBroadcast GIPCRMIClientMetaStateNoBroadcast GIPCRMIOneClientConnection GIPCRMIOneClientReadWriteNonAtomic GIPCRMIServerMetaStateBroadcast GIPCRMIServerMetaStateNoBroadcast GIPCRMITwoClientConnection GIPCRMITwoClientReadWriteNonAtomic ,A5ExpectedCalls+ A5ExpectedSignatures+ A5TaggedClassesDefined- GIPCRMIStaticArguments ,A5AccessModifiersMatched A5InterfaceAsType A5MnemonicNames A5NamedConstants A5PublicMethodsOverride , ,17,0,true,A5ExpectedCalls A5ExpectedInterfaces A5ExpectedSignatures A5SpuriousCalls A5TaggedClassesDefined , , ,A5ExpectedCalls-(14.2/20.0) A5ExpectedInterfaces-(5.0/5.0) A5ExpectedSignatures-(2.5/5.0) A5SpuriousCalls-(20.0/20.0) A5TaggedClassesDefined-(3.3/10.0) , ,
42,Tue Apr 30 02:19:52 EDT 2024,55,5,A5SpecificStyleSuite,A5ExpectedInterfaces+ A5NoCheckstyleWarnings A5SpuriousCalls+ GIPCRMIClientMetaStateBroadcast GIPCRMIClientMetaStateNoBroadcast GIPCRMIOneClientConnection GIPCRMIOneClientReadWriteNonAtomic GIPCRMIServerMetaStateBroadcast GIPCRMIServerMetaStateNoBroadcast GIPCRMITwoClientConnection GIPCRMITwoClientReadWriteNonAtomic ,A5ExpectedCalls+ A5ExpectedSignatures+ A5TaggedClassesDefined- GIPCRMIStaticArguments ,A5AccessModifiersMatched A5InterfaceAsType A5MnemonicNames A5NamedConstants A5PublicMethodsOverride , ,17,0,true,A5ExpectedCalls A5ExpectedInterfaces A5ExpectedSignatures A5SpuriousCalls A5TaggedClassesDefined , , ,A5ExpectedCalls-(14.2/20.0) A5ExpectedInterfaces-(5.0/5.0) A5ExpectedSignatures-(2.5/5.0) A5SpuriousCalls-(20.0/20.0) A5TaggedClassesDefined-(3.3/10.0) , ,
43,Tue Apr 30 02:19:56 EDT 2024,50,-5,A5GeneralStyleSuite,A5ExpectedInterfaces A5SpuriousCalls GIPCRMIClientMetaStateBroadcast GIPCRMIClientMetaStateNoBroadcast GIPCRMIOneClientConnection GIPCRMIOneClientReadWriteNonAtomic GIPCRMIServerMetaStateBroadcast GIPCRMIServerMetaStateNoBroadcast GIPCRMITwoClientConnection GIPCRMITwoClientReadWriteNonAtomic ,A5AccessModifiersMatched+ A5ExpectedCalls A5ExpectedSignatures A5InterfaceAsType+ A5MnemonicNames+ A5NamedConstants+ A5PublicMethodsOverride+ A5TaggedClassesDefined GIPCRMIStaticArguments ,A5NoCheckstyleWarnings- , ,17,1,true,A5AccessModifiersMatched A5InterfaceAsType A5MnemonicNames A5NamedConstants A5NoCheckstyleWarnings A5PublicMethodsOverride , ,A5AccessModifiersMatched A5MnemonicNames A5NoCheckstyleWarnings A5PublicMethodsOverride ,A5AccessModifiersMatched-(3.9/5.0) A5InterfaceAsType-(8.7/10.0) A5MnemonicNames-(9.2/10.0) A5NamedConstants-(0.6/1.0) A5NoCheckstyleWarnings-(0.0/10.0) A5PublicMethodsOverride-(1.4/5.0) , ,
43,Tue Apr 30 02:19:56 EDT 2024,50,-5,A5GeneralStyleSuite,A5ExpectedInterfaces A5SpuriousCalls GIPCRMIClientMetaStateBroadcast GIPCRMIClientMetaStateNoBroadcast GIPCRMIOneClientConnection GIPCRMIOneClientReadWriteNonAtomic GIPCRMIServerMetaStateBroadcast GIPCRMIServerMetaStateNoBroadcast GIPCRMITwoClientConnection GIPCRMITwoClientReadWriteNonAtomic ,A5AccessModifiersMatched+ A5ExpectedCalls A5ExpectedSignatures A5InterfaceAsType+ A5MnemonicNames+ A5NamedConstants+ A5PublicMethodsOverride+ A5TaggedClassesDefined GIPCRMIStaticArguments ,A5NoCheckstyleWarnings- , ,17,1,true,A5AccessModifiersMatched A5InterfaceAsType A5MnemonicNames A5NamedConstants A5NoCheckstyleWarnings A5PublicMethodsOverride , ,A5AccessModifiersMatched A5MnemonicNames A5NoCheckstyleWarnings A5PublicMethodsOverride ,A5AccessModifiersMatched-(3.9/5.0) A5InterfaceAsType-(8.7/10.0) A5MnemonicNames-(9.2/10.0) A5NamedConstants-(0.6/1.0) A5NoCheckstyleWarnings-(0.0/10.0) A5PublicMethodsOverride-(1.4/5.0) , ,
44,Tue Apr 30 02:21:03 EDT 2024,50,0,Assignment5OneClientSuite,A5ExpectedInterfaces A5SpuriousCalls GIPCRMIClientMetaStateBroadcast GIPCRMIClientMetaStateNoBroadcast GIPCRMIOneClientConnection GIPCRMIOneClientReadWriteNonAtomic GIPCRMIServerMetaStateBroadcast GIPCRMIServerMetaStateNoBroadcast GIPCRMITwoClientConnection GIPCRMITwoClientReadWriteNonAtomic ,A5AccessModifiersMatched A5ExpectedCalls A5ExpectedSignatures A5InterfaceAsType A5MnemonicNames A5NamedConstants A5PublicMethodsOverride A5TaggedClassesDefined GIPCRMIStaticArguments ,A5NoCheckstyleWarnings , ,17,2,true,GIPCRMIOneClientConnection GIPCRMIOneClientReadWriteNonAtomic GIPCRMIStaticArguments , , ,GIPCRMIOneClientConnection-(20.0/20.0) GIPCRMIOneClientReadWriteNonAtomic-(20.0/20.0) GIPCRMIStaticArguments-(17.5/20.0) , ,
44,Tue Apr 30 02:21:03 EDT 2024,50,0,Assignment5OneClientSuite,A5ExpectedInterfaces A5SpuriousCalls GIPCRMIClientMetaStateBroadcast GIPCRMIClientMetaStateNoBroadcast GIPCRMIOneClientConnection GIPCRMIOneClientReadWriteNonAtomic GIPCRMIServerMetaStateBroadcast GIPCRMIServerMetaStateNoBroadcast GIPCRMITwoClientConnection GIPCRMITwoClientReadWriteNonAtomic ,A5AccessModifiersMatched A5ExpectedCalls A5ExpectedSignatures A5InterfaceAsType A5MnemonicNames A5NamedConstants A5PublicMethodsOverride A5TaggedClassesDefined GIPCRMIStaticArguments ,A5NoCheckstyleWarnings , ,17,2,true,GIPCRMIOneClientConnection GIPCRMIOneClientReadWriteNonAtomic GIPCRMIStaticArguments , , ,GIPCRMIOneClientConnection-(20.0/20.0) GIPCRMIOneClientReadWriteNonAtomic-(20.0/20.0) GIPCRMIStaticArguments-(17.5/20.0) , ,
45,Tue Apr 30 02:21:03 EDT 2024,50,0,A5GeneralStyleSuite,A5ExpectedInterfaces A5SpuriousCalls GIPCRMIClientMetaStateBroadcast GIPCRMIClientMetaStateNoBroadcast GIPCRMIOneClientConnection GIPCRMIOneClientReadWriteNonAtomic GIPCRMIServerMetaStateBroadcast GIPCRMIServerMetaStateNoBroadcast GIPCRMITwoClientConnection GIPCRMITwoClientReadWriteNonAtomic ,A5AccessModifiersMatched A5ExpectedCalls A5ExpectedSignatures A5InterfaceAsType A5MnemonicNames A5NamedConstants A5PublicMethodsOverride A5TaggedClassesDefined GIPCRMIStaticArguments ,A5NoCheckstyleWarnings , ,17,3,true,A5AccessModifiersMatched A5InterfaceAsType A5MnemonicNames A5NamedConstants A5NoCheckstyleWarnings A5PublicMethodsOverride , ,A5AccessModifiersMatched A5MnemonicNames A5NoCheckstyleWarnings A5PublicMethodsOverride ,A5AccessModifiersMatched-(3.9/5.0) A5InterfaceAsType-(8.7/10.0) A5MnemonicNames-(9.2/10.0) A5NamedConstants-(0.6/1.0) A5NoCheckstyleWarnings-(0.0/10.0) A5PublicMethodsOverride-(1.4/5.0) , ,
45,Tue Apr 30 02:21:03 EDT 2024,50,0,A5GeneralStyleSuite,A5ExpectedInterfaces A5SpuriousCalls GIPCRMIClientMetaStateBroadcast GIPCRMIClientMetaStateNoBroadcast GIPCRMIOneClientConnection GIPCRMIOneClientReadWriteNonAtomic GIPCRMIServerMetaStateBroadcast GIPCRMIServerMetaStateNoBroadcast GIPCRMITwoClientConnection GIPCRMITwoClientReadWriteNonAtomic ,A5AccessModifiersMatched A5ExpectedCalls A5ExpectedSignatures A5InterfaceAsType A5MnemonicNames A5NamedConstants A5PublicMethodsOverride A5TaggedClassesDefined GIPCRMIStaticArguments ,A5NoCheckstyleWarnings , ,17,3,true,A5AccessModifiersMatched A5InterfaceAsType A5MnemonicNames A5NamedConstants A5NoCheckstyleWarnings A5PublicMethodsOverride , ,A5AccessModifiersMatched A5MnemonicNames A5NoCheckstyleWarnings A5PublicMethodsOverride ,A5AccessModifiersMatched-(3.9/5.0) A5InterfaceAsType-(8.7/10.0) A5MnemonicNames-(9.2/10.0) A5NamedConstants-(0.6/1.0) A5NoCheckstyleWarnings-(0.0/10.0) A5PublicMethodsOverride-(1.4/5.0) , ,
46,Tue Apr 30 02:27:37 EDT 2024,50,0,A5SpecificStyleSuite,A5ExpectedInterfaces A5SpuriousCalls GIPCRMIClientMetaStateBroadcast GIPCRMIClientMetaStateNoBroadcast GIPCRMIOneClientConnection GIPCRMIOneClientReadWriteNonAtomic GIPCRMIServerMetaStateBroadcast GIPCRMIServerMetaStateNoBroadcast GIPCRMITwoClientConnection GIPCRMITwoClientReadWriteNonAtomic ,A5AccessModifiersMatched A5ExpectedCalls A5ExpectedSignatures A5InterfaceAsType A5MnemonicNames A5NamedConstants A5PublicMethodsOverride A5TaggedClassesDefined GIPCRMIStaticArguments ,A5NoCheckstyleWarnings , ,18,0,true,A5ExpectedCalls A5ExpectedInterfaces A5ExpectedSignatures A5SpuriousCalls A5TaggedClassesDefined , , ,A5ExpectedCalls-(14.2/20.0) A5ExpectedInterfaces-(5.0/5.0) A5ExpectedSignatures-(2.5/5.0) A5SpuriousCalls-(20.0/20.0) A5TaggedClassesDefined-(3.3/10.0) , ,
46,Tue Apr 30 02:27:37 EDT 2024,50,0,A5SpecificStyleSuite,A5ExpectedInterfaces A5SpuriousCalls GIPCRMIClientMetaStateBroadcast GIPCRMIClientMetaStateNoBroadcast GIPCRMIOneClientConnection GIPCRMIOneClientReadWriteNonAtomic GIPCRMIServerMetaStateBroadcast GIPCRMIServerMetaStateNoBroadcast GIPCRMITwoClientConnection GIPCRMITwoClientReadWriteNonAtomic ,A5AccessModifiersMatched A5ExpectedCalls A5ExpectedSignatures A5InterfaceAsType A5MnemonicNames A5NamedConstants A5PublicMethodsOverride A5TaggedClassesDefined GIPCRMIStaticArguments ,A5NoCheckstyleWarnings , ,18,0,true,A5ExpectedCalls A5ExpectedInterfaces A5ExpectedSignatures A5SpuriousCalls A5TaggedClassesDefined , , ,A5ExpectedCalls-(14.2/20.0) A5ExpectedInterfaces-(5.0/5.0) A5ExpectedSignatures-(2.5/5.0) A5SpuriousCalls-(20.0/20.0) A5TaggedClassesDefined-(3.3/10.0) , ,
47,Tue Apr 30 02:30:09 EDT 2024,50,0,A5SpecificStyleSuite,A5ExpectedInterfaces A5SpuriousCalls GIPCRMIClientMetaStateBroadcast GIPCRMIClientMetaStateNoBroadcast GIPCRMIOneClientConnection GIPCRMIOneClientReadWriteNonAtomic GIPCRMIServerMetaStateBroadcast GIPCRMIServerMetaStateNoBroadcast GIPCRMITwoClientConnection GIPCRMITwoClientReadWriteNonAtomic ,A5AccessModifiersMatched A5ExpectedCalls A5ExpectedSignatures A5InterfaceAsType A5MnemonicNames A5NamedConstants A5PublicMethodsOverride A5TaggedClassesDefined GIPCRMIStaticArguments ,A5NoCheckstyleWarnings , ,19,0,true,A5ExpectedCalls A5ExpectedInterfaces A5ExpectedSignatures A5SpuriousCalls A5TaggedClassesDefined , , ,A5ExpectedCalls-(14.2/20.0) A5ExpectedInterfaces-(5.0/5.0) A5ExpectedSignatures-(2.5/5.0) A5SpuriousCalls-(20.0/20.0) A5TaggedClassesDefined-(5.0/10.0) , ,
47,Tue Apr 30 02:30:09 EDT 2024,50,0,A5SpecificStyleSuite,A5ExpectedInterfaces A5SpuriousCalls GIPCRMIClientMetaStateBroadcast GIPCRMIClientMetaStateNoBroadcast GIPCRMIOneClientConnection GIPCRMIOneClientReadWriteNonAtomic GIPCRMIServerMetaStateBroadcast GIPCRMIServerMetaStateNoBroadcast GIPCRMITwoClientConnection GIPCRMITwoClientReadWriteNonAtomic ,A5AccessModifiersMatched A5ExpectedCalls A5ExpectedSignatures A5InterfaceAsType A5MnemonicNames A5NamedConstants A5PublicMethodsOverride A5TaggedClassesDefined GIPCRMIStaticArguments ,A5NoCheckstyleWarnings , ,19,0,true,A5ExpectedCalls A5ExpectedInterfaces A5ExpectedSignatures A5SpuriousCalls A5TaggedClassesDefined , , ,A5ExpectedCalls-(14.2/20.0) A5ExpectedInterfaces-(5.0/5.0) A5ExpectedSignatures-(2.5/5.0) A5SpuriousCalls-(20.0/20.0) A5TaggedClassesDefined-(5.0/10.0) , ,
48,Tue Apr 30 02:30:57 EDT 2024,50,0,A5SpecificStyleSuite,A5ExpectedInterfaces A5SpuriousCalls GIPCRMIClientMetaStateBroadcast GIPCRMIClientMetaStateNoBroadcast GIPCRMIOneClientConnection GIPCRMIOneClientReadWriteNonAtomic GIPCRMIServerMetaStateBroadcast GIPCRMIServerMetaStateNoBroadcast GIPCRMITwoClientConnection GIPCRMITwoClientReadWriteNonAtomic ,A5AccessModifiersMatched A5ExpectedCalls A5ExpectedSignatures A5InterfaceAsType A5MnemonicNames A5NamedConstants A5PublicMethodsOverride A5TaggedClassesDefined GIPCRMIStaticArguments ,A5NoCheckstyleWarnings , ,20,0,true,A5ExpectedCalls A5ExpectedInterfaces A5ExpectedSignatures A5SpuriousCalls A5TaggedClassesDefined , , ,A5ExpectedCalls-(14.2/20.0) A5ExpectedInterfaces-(5.0/5.0) A5ExpectedSignatures-(2.5/5.0) A5SpuriousCalls-(20.0/20.0) A5TaggedClassesDefined-(5.0/10.0) , ,
48,Tue Apr 30 02:30:57 EDT 2024,50,0,A5SpecificStyleSuite,A5ExpectedInterfaces A5SpuriousCalls GIPCRMIClientMetaStateBroadcast GIPCRMIClientMetaStateNoBroadcast GIPCRMIOneClientConnection GIPCRMIOneClientReadWriteNonAtomic GIPCRMIServerMetaStateBroadcast GIPCRMIServerMetaStateNoBroadcast GIPCRMITwoClientConnection GIPCRMITwoClientReadWriteNonAtomic ,A5AccessModifiersMatched A5ExpectedCalls A5ExpectedSignatures A5InterfaceAsType A5MnemonicNames A5NamedConstants A5PublicMethodsOverride A5TaggedClassesDefined GIPCRMIStaticArguments ,A5NoCheckstyleWarnings , ,20,0,true,A5ExpectedCalls A5ExpectedInterfaces A5ExpectedSignatures A5SpuriousCalls A5TaggedClassesDefined , , ,A5ExpectedCalls-(14.2/20.0) A5ExpectedInterfaces-(5.0/5.0) A5ExpectedSignatures-(2.5/5.0) A5SpuriousCalls-(20.0/20.0) A5TaggedClassesDefined-(5.0/10.0) , ,
49,Tue Apr 30 02:38:02 EDT 2024,50,0,A5GeneralStyleSuite,A5ExpectedInterfaces A5SpuriousCalls GIPCRMIClientMetaStateBroadcast GIPCRMIClientMetaStateNoBroadcast GIPCRMIOneClientConnection GIPCRMIOneClientReadWriteNonAtomic GIPCRMIServerMetaStateBroadcast GIPCRMIServerMetaStateNoBroadcast GIPCRMITwoClientConnection GIPCRMITwoClientReadWriteNonAtomic ,A5AccessModifiersMatched A5ExpectedCalls A5ExpectedSignatures A5InterfaceAsType A5MnemonicNames A5NamedConstants A5PublicMethodsOverride A5TaggedClassesDefined GIPCRMIStaticArguments ,A5NoCheckstyleWarnings , ,20,1,true,A5AccessModifiersMatched A5InterfaceAsType A5MnemonicNames A5NamedConstants A5NoCheckstyleWarnings A5PublicMethodsOverride , ,A5AccessModifiersMatched A5MnemonicNames A5NoCheckstyleWarnings A5PublicMethodsOverride ,A5AccessModifiersMatched-(3.9/5.0) A5InterfaceAsType-(8.7/10.0) A5MnemonicNames-(9.2/10.0) A5NamedConstants-(0.6/1.0) A5NoCheckstyleWarnings-(0.0/10.0) A5PublicMethodsOverride-(1.4/5.0) , ,
49,Tue Apr 30 02:38:02 EDT 2024,50,0,A5GeneralStyleSuite,A5ExpectedInterfaces A5SpuriousCalls GIPCRMIClientMetaStateBroadcast GIPCRMIClientMetaStateNoBroadcast GIPCRMIOneClientConnection GIPCRMIOneClientReadWriteNonAtomic GIPCRMIServerMetaStateBroadcast GIPCRMIServerMetaStateNoBroadcast GIPCRMITwoClientConnection GIPCRMITwoClientReadWriteNonAtomic ,A5AccessModifiersMatched A5ExpectedCalls A5ExpectedSignatures A5InterfaceAsType A5MnemonicNames A5NamedConstants A5PublicMethodsOverride A5TaggedClassesDefined GIPCRMIStaticArguments ,A5NoCheckstyleWarnings , ,20,1,true,A5AccessModifiersMatched A5InterfaceAsType A5MnemonicNames A5NamedConstants A5NoCheckstyleWarnings A5PublicMethodsOverride , ,A5AccessModifiersMatched A5MnemonicNames A5NoCheckstyleWarnings A5PublicMethodsOverride ,A5AccessModifiersMatched-(3.9/5.0) A5InterfaceAsType-(8.7/10.0) A5MnemonicNames-(9.2/10.0) A5NamedConstants-(0.6/1.0) A5NoCheckstyleWarnings-(0.0/10.0) A5PublicMethodsOverride-(1.4/5.0) , ,
50,Tue Apr 30 02:39:24 EDT 2024,50,0,Assignment5OneClientSuite,A5ExpectedInterfaces A5SpuriousCalls GIPCRMIClientMetaStateBroadcast GIPCRMIClientMetaStateNoBroadcast GIPCRMIOneClientConnection GIPCRMIOneClientReadWriteNonAtomic GIPCRMIServerMetaStateBroadcast GIPCRMIServerMetaStateNoBroadcast GIPCRMITwoClientConnection GIPCRMITwoClientReadWriteNonAtomic ,A5AccessModifiersMatched A5ExpectedCalls A5ExpectedSignatures A5InterfaceAsType A5MnemonicNames A5NamedConstants A5PublicMethodsOverride A5TaggedClassesDefined GIPCRMIStaticArguments ,A5NoCheckstyleWarnings , ,20,2,true,GIPCRMIOneClientConnection GIPCRMIOneClientReadWriteNonAtomic GIPCRMIStaticArguments , , ,GIPCRMIOneClientConnection-(20.0/20.0) GIPCRMIOneClientReadWriteNonAtomic-(20.0/20.0) GIPCRMIStaticArguments-(17.5/20.0) , ,
50,Tue Apr 30 02:39:24 EDT 2024,50,0,Assignment5OneClientSuite,A5ExpectedInterfaces A5SpuriousCalls GIPCRMIClientMetaStateBroadcast GIPCRMIClientMetaStateNoBroadcast GIPCRMIOneClientConnection GIPCRMIOneClientReadWriteNonAtomic GIPCRMIServerMetaStateBroadcast GIPCRMIServerMetaStateNoBroadcast GIPCRMITwoClientConnection GIPCRMITwoClientReadWriteNonAtomic ,A5AccessModifiersMatched A5ExpectedCalls A5ExpectedSignatures A5InterfaceAsType A5MnemonicNames A5NamedConstants A5PublicMethodsOverride A5TaggedClassesDefined GIPCRMIStaticArguments ,A5NoCheckstyleWarnings , ,20,2,true,GIPCRMIOneClientConnection GIPCRMIOneClientReadWriteNonAtomic GIPCRMIStaticArguments , , ,GIPCRMIOneClientConnection-(20.0/20.0) GIPCRMIOneClientReadWriteNonAtomic-(20.0/20.0) GIPCRMIStaticArguments-(17.5/20.0) , ,
51,Tue Apr 30 02:50:30 EDT 2024,55,5,A5SpecificStyleSuite,A5ExpectedCalls+ A5ExpectedInterfaces A5SpuriousCalls GIPCRMIClientMetaStateBroadcast GIPCRMIClientMetaStateNoBroadcast GIPCRMIOneClientConnection GIPCRMIOneClientReadWriteNonAtomic GIPCRMIServerMetaStateBroadcast GIPCRMIServerMetaStateNoBroadcast GIPCRMITwoClientConnection GIPCRMITwoClientReadWriteNonAtomic ,A5AccessModifiersMatched A5ExpectedSignatures A5InterfaceAsType A5MnemonicNames A5NamedConstants A5PublicMethodsOverride A5TaggedClassesDefined GIPCRMIStaticArguments ,A5NoCheckstyleWarnings , ,21,0,true,A5ExpectedCalls A5ExpectedInterfaces A5ExpectedSignatures A5SpuriousCalls A5TaggedClassesDefined , , ,A5ExpectedCalls-(20.0/20.0) A5ExpectedInterfaces-(5.0/5.0) A5ExpectedSignatures-(2.5/5.0) A5SpuriousCalls-(20.0/20.0) A5TaggedClassesDefined-(5.0/10.0) , ,
51,Tue Apr 30 02:50:30 EDT 2024,55,5,A5SpecificStyleSuite,A5ExpectedCalls+ A5ExpectedInterfaces A5SpuriousCalls GIPCRMIClientMetaStateBroadcast GIPCRMIClientMetaStateNoBroadcast GIPCRMIOneClientConnection GIPCRMIOneClientReadWriteNonAtomic GIPCRMIServerMetaStateBroadcast GIPCRMIServerMetaStateNoBroadcast GIPCRMITwoClientConnection GIPCRMITwoClientReadWriteNonAtomic ,A5AccessModifiersMatched A5ExpectedSignatures A5InterfaceAsType A5MnemonicNames A5NamedConstants A5PublicMethodsOverride A5TaggedClassesDefined GIPCRMIStaticArguments ,A5NoCheckstyleWarnings , ,21,0,true,A5ExpectedCalls A5ExpectedInterfaces A5ExpectedSignatures A5SpuriousCalls A5TaggedClassesDefined , , ,A5ExpectedCalls-(20.0/20.0) A5ExpectedInterfaces-(5.0/5.0) A5ExpectedSignatures-(2.5/5.0) A5SpuriousCalls-(20.0/20.0) A5TaggedClassesDefined-(5.0/10.0) , ,
52,Tue Apr 30 02:55:32 EDT 2024,55,0,Assignment5TwoClientSuite,A5ExpectedCalls A5ExpectedInterfaces A5SpuriousCalls GIPCRMIClientMetaStateBroadcast GIPCRMIClientMetaStateNoBroadcast GIPCRMIOneClientConnection GIPCRMIOneClientReadWriteNonAtomic GIPCRMIServerMetaStateBroadcast GIPCRMIServerMetaStateNoBroadcast GIPCRMITwoClientConnection GIPCRMITwoClientReadWriteNonAtomic ,A5AccessModifiersMatched A5ExpectedSignatures A5InterfaceAsType A5MnemonicNames A5NamedConstants A5PublicMethodsOverride A5TaggedClassesDefined GIPCRMIStaticArguments ,A5NoCheckstyleWarnings , ,21,1,true,GIPCRMIClientMetaStateBroadcast GIPCRMIClientMetaStateNoBroadcast GIPCRMIServerMetaStateBroadcast GIPCRMIServerMetaStateNoBroadcast GIPCRMITwoClientConnection GIPCRMITwoClientReadWriteNonAtomic , ,GIPCRMIServerMetaStateBroadcast GIPCRMIServerMetaStateNoBroadcast ,GIPCRMIClientMetaStateBroadcast-(20.0/20.0) GIPCRMIClientMetaStateNoBroadcast-(20.0/20.0) GIPCRMIServerMetaStateBroadcast-(20.0/20.0) GIPCRMIServerMetaStateNoBroadcast-(20.0/20.0) GIPCRMITwoClientConnection-(20.0/20.0) GIPCRMITwoClientReadWriteNonAtomic-(20.0/20.0) , ,
52,Tue Apr 30 02:55:32 EDT 2024,55,0,Assignment5TwoClientSuite,A5ExpectedCalls A5ExpectedInterfaces A5SpuriousCalls GIPCRMIClientMetaStateBroadcast GIPCRMIClientMetaStateNoBroadcast GIPCRMIOneClientConnection GIPCRMIOneClientReadWriteNonAtomic GIPCRMIServerMetaStateBroadcast GIPCRMIServerMetaStateNoBroadcast GIPCRMITwoClientConnection GIPCRMITwoClientReadWriteNonAtomic ,A5AccessModifiersMatched A5ExpectedSignatures A5InterfaceAsType A5MnemonicNames A5NamedConstants A5PublicMethodsOverride A5TaggedClassesDefined GIPCRMIStaticArguments ,A5NoCheckstyleWarnings , ,21,1,true,GIPCRMIClientMetaStateBroadcast GIPCRMIClientMetaStateNoBroadcast GIPCRMIServerMetaStateBroadcast GIPCRMIServerMetaStateNoBroadcast GIPCRMITwoClientConnection GIPCRMITwoClientReadWriteNonAtomic , ,GIPCRMIServerMetaStateBroadcast GIPCRMIServerMetaStateNoBroadcast ,GIPCRMIClientMetaStateBroadcast-(20.0/20.0) GIPCRMIClientMetaStateNoBroadcast-(20.0/20.0) GIPCRMIServerMetaStateBroadcast-(20.0/20.0) GIPCRMIServerMetaStateNoBroadcast-(20.0/20.0) GIPCRMITwoClientConnection-(20.0/20.0) GIPCRMITwoClientReadWriteNonAtomic-(20.0/20.0) , ,
